food_id,kfct_code,food_name,category,energy_kcal,protein_g,fat_g,carbohydrate_g,fiber_g,iron_mg,calcium_mg,vitamin_a_rae_ug,folate_ug,zinc_mg,vitamin_c_mg,thiamin_mg,riboflavin_mg,niacin_mg,vitamin_b6_mg,vitamin_b12_ug,magnesium_mg,phosphorus_mg,potassium_mg,sodium_mg,water_g,ash_g,ash_g.1
1,1001,amaranth whole grain dry raw,cereals,360.0,14.7,5.6,59.2,7.5,9.5,162,0,28,3.5,0.0,0.07,0.21,0.58,0.0,0.0,270.0,397,413,32.0,10.2,3.1,
2,1002,amaranth whole grain flour,cereals,365.0,13.8,6.3,59.6,7.1,8.9,161,0,10,3.2,0.0,0.08,0.15,0.7,0.0,0.0,259.0,405,461,32.0,10.2,3.0,
3,1003,biscuit savoury,cereals,492.0,6.6,24.9,58.9,3.3,1.4,38,8,21,0.83,0.0,0.16,0.06,1.3,0.0,0.0,24.0,177,161,637.0,4.5,1.9,
4,1004,biscuit sweet,cereals,460.0,6.1,17.2,69.3,2.1,1.4,45,4,23,0.6,0.0,0.09,0.03,0.7,0.0,0.0,19.0,98,158,289.0,4.3,1.1,
5,1005,bread brown,cereals,245.0,8.0,1.5,46.9,5.9,2.6,56,0,37,1.3,0.0,0.22,0.01,3.4,0.0,0.0,8.0,134,191,44.0,36.0,1.7,
6,1006,bread sweet,cereals,368.0,8.3,14.4,50.6,1.5,1.9,80,7,33,0.8,0.6,0.2,0.16,2.3,0.0,0.0,18.0,147,227,369.0,23.5,1.8,
7,1007,bread white,cereals,249.0,7.7,1.9,48.8,3.1,1.7,37,0,28,0.8,0.0,0.16,0.06,3.7,0.0,0.0,12.0,79,120,46.0,36.9,1.7,
8,1008,breakfast cereal flakes of corn fortified,cereals,372.0,7.5,0.7,82.6,2.9,10.2,3,112,40,0.2,0.0,1.0,1.5,17.7,0.0,0.0,13.0,45,110,109.0,3.5,2.8,
9,1009,breakfast cereal flakes of corn,cereals,373.0,7.5,0.7,82.6,2.9,10.2,3,112,40,0.2,0.0,1.0,1.5,17.7,0.0,0.0,13.0,45,110,109.0,3.5,2.8,
10,1010,breakfast cereal wheat biscuits weetabix type,cereals,366.0,11.5,1.9,70.7,9.9,7.6,30,0,153,5.1,0.0,1.0,1.2,15.0,0.0,0.0,125.0,308,392,360.0,3.8,2.1,
11,1011,buns currant,cereals,306.0,6.8,5.0,52.8,2.9,2.5,90,1,12,0.6,0.0,0.2,0.03,2.1,0.0,0.0,27.0,100,210,100.0,29.0,1.5,
12,1012,cake or cupcake plain butter cake commercial,cereals,363.0,7.1,15.3,48.8,1.1,1.0,63,5,8,0.5,0.0,0.06,0.14,0.7,0.0,0.0,14.0,30,110,480.0,25.9,1.9,
13,1013,cake fruit,cereals,368.0,4.0,12.3,58.8,3.1,2.0,75,8,0,0.5,0.0,0.1,0.1,0.2,0.0,0.0,23.0,106,347,170.0,20.0,1.8,
14,1014,cake sponge homemade,cereals,465.0,6.5,26.7,49.1,1.1,1.4,140,3,9,0.6,0.0,0.04,0.13,0.5,0.0,0.0,12.0,24,105,350.0,15.0,1.6,
15,1015,cake sponge without fat,cereals,304.0,6.3,10.0,51.2,1.2,1.0,70,7,16,0.9,0.0,0.1,0.25,0.5,0.0,0.0,21.0,51,136,80.0,30.0,1.3,
16,1016,cakes various fancy iced,cereals,412.0,13.0,16.8,51.5,1.1,1.5,45,0,7,0.3,0.0,0.03,0.05,0.5,0.0,0.0,10.0,14,147,250.0,15.7,1.9,
17,1017,cornflour from maize starch,cereals,355.0,0.5,0.4,87.1,0.6,0.7,12,0,1,0.2,0.0,0.02,0.0,0.2,0.0,0.0,3.0,24,71,0.0,10.6,0.8,
18,1018,maize grain white variety whole dry raw,cereals,345.0,7.9,4.5,63.4,9.4,2.6,24,0,17,1.8,0.0,0.25,0.12,1.7,0.0,0.0,67.0,226,367,12.0,13.6,1.2,
19,1019,maize grain yellow variety whole dry raw,cereals,340.0,8.3,3.7,62.5,11.9,3.8,7,20,33,2.3,0.0,0.5,0.12,2.2,0.0,0.0,104.0,216,346,7.0,12.7,1.9,
20,1020,maize meal sifted fortified packaged raw,cereals,352.0,6.8,3.0,72.3,4.5,3.6,20,7,95,4.3,0.0,0.5,0.3,13.6,0.0,0.0,50.0,229,150,12.0,12.7,0.7,
21,1021,maize white degermed muthokoi,cereals,338.0,7.3,1.7,71.4,3.9,0.5,3,1,10,0.5,0.0,0.12,0.01,0.5,0.0,0.0,9.0,50,90,70.0,13.5,2.2,
22,1022,maize whole flour raw,cereals,345.0,7.9,4.5,63.4,9.4,11.0,92,0,17,1.8,0.0,0.25,0.12,1.7,0.0,0.0,103.0,325,812,12.0,13.6,1.2,
23,1023,green maize white whole grain fresh raw,cereals,155.0,4.1,2.5,21.4,16.1,1.2,18,8,78,1.9,0.9,0.18,0.1,1.5,0.0,0.0,39.0,188,188,8.0,55.1,0.8,
24,1024,millet bulrush flour,cereals,354.0,10.5,5.3,61.8,8.8,2.4,32,0,162,4.1,0.0,0.27,0.17,1.5,0.0,0.0,84.0,263,291,44.0,11.0,2.7,
25,1025,millet bulrush grain dry raw,cereals,354.0,9.8,5.3,62.5,8.8,6.3,32,2,162,4.1,3.0,0.27,0.17,1.5,0.0,0.0,84.0,427,291,44.0,11.0,2.7,
26,1026,millet finger flour,cereals,306.0,7.4,2.0,53.3,22.6,18.5,344,0,93,1.7,0.0,0.19,0.04,4.6,0.0,0.0,154.0,418,353,82.0,11.3,3.5,
27,1027,millet finger grain dried raw,cereals,305.0,7.3,1.9,53.5,22.6,11.3,344,0,93,1.7,0.0,0.19,0.04,4.6,0.0,0.0,154.0,418,353,82.0,12.7,3.5,
28,1028,millet yeast germinated millet seeds,cereals,302.0,7.4,1.9,52.7,22.6,27.6,85,0,90,1.6,0.0,0.16,0.04,4.5,0.0,0.0,180.0,245,816,0.0,12.7,2.9,
29,1029,oat bran unprocessed uncooked,cereals,373.0,10.7,7.5,57.8,15.5,4.4,54,0,33,3.2,0.0,0.76,0.14,0.8,0.0,0.0,153.0,491,362,12.0,5.6,2.9,
30,1030,pasta macaroni plain dry raw imported,cereals,370.0,13.7,1.5,73.8,3.3,1.9,21,0,17,5.2,0.0,0.07,0.03,1.1,0.0,0.0,44.0,148,147,6.0,7.1,0.7,
31,1031,pasta spaghetti dry raw imported,cereals,354.0,12.7,1.4,71.3,1.1,1.0,18,0,16,0.6,0.0,0.07,0.06,1.1,0.0,0.0,30.0,172,142,5.0,10.6,1.1,
32,1032,rice flour raw,cereals,352.0,6.0,1.1,78.4,2.1,0.9,14,0,7,0.9,0.0,0.12,0.03,2.9,0.0,0.0,37.0,146,155,20.0,11.9,0.5,
33,1033,rice parboiled raw,cereals,345.0,7.0,0.5,76.2,3.7,1.7,9,0,10,1.0,0.0,0.25,0.02,2.5,0.0,0.0,26.0,125,100,6.0,12.0,0.6,
34,1034,rice white milled polished grain dry raw,cereals,353.0,7.6,0.1,78.1,0.7,1.3,21,0,9,1.3,0.0,0.07,0.11,1.1,0.0,0.0,23.0,144,591,7.0,12.2,0.4,
35,1035,semolina raw,cereals,345.0,10.9,1.1,70.5,4.9,1.6,16,0,57,1.1,0.0,0.12,0.05,1.9,0.0,0.0,35.0,102,196,21.0,11.8,0.8,
36,1036,scone plain commercial,cereals,375.0,7.5,15.0,51.4,2.1,1.5,56,9,19,0.7,0.0,0.09,0.1,0.5,0.0,0.0,15.0,107,128,80.0,21.0,3.0,
37,1037,sorghum grain red dried raw,cereals,336.0,9.3,3.5,59.9,14.0,15.0,103,0,64,1.9,0.0,0.24,0.11,3.3,0.0,0.0,150.0,296,387,6.0,11.6,1.8,
38,1038,sorghum grain red flour,cereals,336.0,9.3,3.5,59.9,14.0,15.0,103,0,0,1.9,0.0,0.24,0.11,3.3,0.0,0.0,150.0,296,387,6.0,11.6,1.8,
39,1039,sorghum grain white dry raw,cereals,341.0,10.8,3.5,60.5,11.9,6.4,18,1,64,1.6,0.0,0.24,0.11,3.3,0.0,0.0,135.0,623,361,6.0,11.8,1.5,
40,1040,sorghum grain white flour,cereals,341.0,10.8,3.5,60.5,11.9,6.4,18,1,0,1.6,0.0,0.24,0.11,3.3,0.0,0.0,135.0,623,361,6.0,11.8,1.5,
41,1041,teff raw,cereals,351.0,13.3,2.4,65.1,8.0,7.6,180,0,166,3.6,0.0,0.39,0.27,3.4,0.0,0.0,184.0,429,427,12.0,8.8,2.4,
42,1042,wheat flour atta,cereals,334.0,11.4,1.8,62.4,11.3,3.8,34,0,0,3.3,0.0,0.5,0.14,3.5,0.0,0.0,117.0,283,333,12.0,11.7,1.4,
43,1043,wheat flour refined fortified sifted packaged raw,cereals,349.0,11.2,1.6,70.7,3.6,5.6,35,9,77,0.8,0.7,0.91,0.57,5.9,0.0,0.0,31.0,183,129,20.0,12.2,0.7,
44,1044,wheat whole flour raw,cereals,328.0,11.3,2.5,58.0,14.0,4.0,39,0,0,0.0,0.0,0.43,0.14,2.7,0.0,0.0,125.0,315,366,33.0,12.5,1.7,
45,1045,wheat whole grain dry raw,cereals,328.0,11.6,2.5,57.8,14.0,4.9,39,0,57,0.0,0.0,0.39,0.13,2.5,0.0,0.0,122.0,205,358,23.0,12.5,1.7,
46,1046,amaranth whole grain dry stewed without salt,cereals,121.0,4.9,1.9,19.9,2.5,3.2,56,0,22,0.85,0.0,0.02,0.07,0.22,0.0,0.0,91.0,133,139,30.0,69.8,1.1,
47,1047,maize grain white variety whole dry boiled drained without salt,cereals,117.0,2.6,1.5,20.5,3.0,0.8,9,0,16,0.58,0.0,0.04,0.02,0.5,0.0,0.0,25.0,112,59,0.0,72.1,0.4,
48,1048,maize grain white variety whole dry stewed without salt,cereals,117.0,2.6,1.5,20.5,3.0,0.8,9,0,18,0.61,0.0,0.06,0.03,0.6,0.0,0.0,25.0,118,73,6.0,72.1,0.4,
49,1049,maize grain yellow variety whole dry boiled drained without salt,cereals,110.0,2.7,1.2,20.2,3.8,3.3,4,61,7,0.7,0.0,0.08,0.03,0.5,0.0,0.0,46.0,66,90,4.0,71.8,0.4,
50,1050,maize grain yellow variety whole dry boiled without salt water included,cereals,79.0,1.9,0.9,14.5,2.8,0.9,30,49,6,0.53,0.0,0.09,0.03,0.5,0.0,0.0,25.0,50,81,4.0,79.6,0.3,
51,1051,green maize white whole grain fresh boiled drained without salt,cereals,146.0,3.8,2.3,20.0,0.8,1.7,17,7,15,1.73,0.0,0.08,0.07,1.1,0.0,0.0,36.0,167,141,6.0,83.8,0.8,
52,1052,green maize white whole grain fresh stewed without salt,cereals,203.0,5.3,3.2,27.8,20.9,2.5,23,10,18,2.53,0.0,0.17,0.13,1.9,0.0,0.0,50.0,245,244,10.0,41.7,1.1,
53,1053,millet bulrush grain dry boiled drained without salt,cereals,148.0,4.1,2.2,26.0,3.6,2.6,15,12,7,1.64,0.0,0.06,0.05,0.5,0.0,0.0,36.0,169,97,3.0,62.9,1.1,
54,1054,millet bulrush grain dry stewed without salt,cereals,148.0,4.1,2.2,26.0,3.6,2.6,15,12,4,1.73,0.0,0.08,0.07,0.6,0.0,0.0,36.0,178,122,3.0,62.9,1.1,
55,1055,sorghum grain white dry boiled drained without salt,cereals,142.0,4.5,1.5,25.2,4.9,2.7,92,1,19,0.67,0.0,0.05,0.04,1.0,0.0,0.0,43.0,141,78,4.0,63.2,0.6,
56,1056,sorghum grain white dry stewed without salt,cereals,142.0,4.5,1.5,25.2,4.9,2.7,92,1,21,0.7,0.0,0.08,0.05,1.3,0.0,0.0,43.0,148,97,4.0,63.2,0.6,
57,1057,sorghum grain red dry boiled drained without salt,cereals,140.0,3.9,1.5,24.9,5.8,1.4,61,0,19,0.78,0.0,0.05,0.04,1.0,0.0,0.0,63.0,117,129,4.0,63.1,0.8,
58,1058,sorghum grain red dry stewed without salt,cereals,140.0,3.9,1.5,24.9,5.8,1.4,61,0,21,0.82,0.0,0.08,0.05,1.3,0.0,0.0,63.0,123,162,4.0,63.1,0.8,
59,1059,rice white milled polished grain dry boiled without salt,cereals,119.0,2.6,0.3,26.2,0.2,0.3,9,0,2,0.44,0.0,0.02,0.04,0.4,0.0,0.0,8.0,48,208,0.0,70.5,0.2,
60,1060,rice parboiled boiled without salt,cereals,119.0,2.4,0.2,26.3,1.3,0.6,5,0,3,0.36,0.0,0.06,0.01,0.8,0.0,0.0,10.0,43,354,0.0,69.6,0.2,
61,1061,wheat whole grain dry boiled drained without salt,cereals,184.0,6.5,1.4,32.5,7.9,2.6,23,0,22,1.43,0.0,0.11,0.05,1.1,0.0,0.0,69.0,109,161,21.0,50.8,0.9,
62,1062,wheat whole grain dry stewed without salt,cereals,184.0,6.5,1.4,32.5,7.9,2.6,23,0,26,1.51,0.0,0.16,0.07,1.4,0.0,0.0,69.0,115,201,31.0,50.8,0.9,
63,1063,pasta spaghetti dry imported boiled drained without salt,cereals,122.0,4.4,0.5,24.5,1.1,0.3,8,0,4,0.21,0.0,0.02,0.02,0.3,0.0,0.0,9.0,59,49,30.0,69.1,0.4,
64,1064,pasta spaghetti dry imported boiled in recipe without salt,cereals,122.0,4.4,0.5,24.5,1.1,0.3,8,0,4,0.21,0.0,0.02,0.02,0.3,0.0,0.0,11.0,59,49,40.0,69.1,0.4,
65,1065,pasta macaroni plain dry imported boiled drained without salt,cereals,150.0,5.6,0.6,30.0,1.4,0.6,10,0,5,0.25,0.0,0.03,0.01,0.4,0.0,0.0,6.0,57,63,30.0,62.2,0.3,
66,1066,pasta macaroni plain dry imported boiled in recipe without salt,cereals,150.0,5.6,0.6,30.0,1.4,0.8,10,0,5,0.25,0.0,0.02,0.01,0.4,0.0,0.0,6.0,60,60,40.0,62.2,0.3,
67,2001,arrowroot flour,roots_tubers,331.0,0.2,0.2,81.8,0.9,0.5,33,0,0,0.5,0.0,0.1,0.02,0.4,0.0,0.0,14.0,71,120,0.0,16.5,0.5,
68,2002,arrowroot peeled raw,roots_tubers,109.0,3.2,0.3,22.3,1.3,0.5,61,1,2,0.6,0.0,0.22,0.09,2.5,0.0,0.0,25.0,43,685,36.0,70.9,0.8,
69,2003,banana bita 3 dried flour,roots_tubers,366.0,3.9,1.8,78.5,9.9,1.2,30,13,14,0.62,7.1,0.18,0.24,2.8,0.0,0.0,60.0,100,1030,4.0,2.3,3.6,
70,2004,banana plantain green raw,roots_tubers,77.0,1.4,0.4,20.1,3.6,0.8,7,1,19,0.23,23.3,0.06,0.04,0.3,0.0,0.0,23.0,29,322,10.0,73.6,0.9,
71,2005,beet root peeled raw,roots_tubers,44.0,2.1,0.1,6.9,3.3,0.8,13,1,10,0.55,5.3,0.01,0.02,0.3,0.0,0.0,11.0,36,298,60.0,86.1,1.4,
72,2006,cassava flour raw,roots_tubers,335.0,1.8,0.1,80.7,5.3,1.4,54,0,23,0.5,0.0,0.06,0.03,0.6,0.0,0.0,60.0,120,260,2.0,12.5,1.2,
73,2007,cassava root white peeled raw,roots_tubers,173.0,1.3,0.3,39.1,4.6,0.9,33,1,27,0.34,38.0,0.23,0.01,0.4,0.0,0.0,13.0,21,250,2.0,53.8,1.0,
74,2008,cassava root yellow peeled raw,roots_tubers,126.0,1.6,0.2,27.0,4.7,0.6,18,61,27,0.34,41.0,0.09,0.03,0.8,0.0,0.0,9.0,27,290,2.0,65.7,0.8,
75,2009,potato irish english white variety peeled raw,roots_tubers,105.0,2.4,0.1,22.7,1.6,1.4,9,0,35,0.32,6.6,0.07,0.04,1.2,0.0,0.0,19.0,81,645,6.4,72.1,1.0,
76,2010,radish round red skin raw,roots_tubers,15.0,0.8,0.1,1.6,2.3,0.4,36,0,25,0.18,21.0,0.02,0.03,0.3,0.0,0.0,22.0,22,103,32.0,94.5,0.7,
77,2011,radish long red skin raw,roots_tubers,14.0,0.6,0.1,1.3,2.5,0.3,28,0,26,0.16,17.0,0.06,0.02,0.3,0.0,0.0,13.0,27,193,25.0,94.7,0.8,
78,2012,radish white skin raw,roots_tubers,22.0,1.1,0.3,2.7,2.1,0.4,40,1,28,0.34,15.0,0.03,0.03,0.2,0.0,0.0,14.0,20,249,26.0,93.9,0.7,
79,2013,sweet potato brown skin peeled raw,roots_tubers,101.0,1.7,0.4,20.8,4.0,0.4,22,81,16,0.28,18.0,0.07,0.03,0.8,0.0,0.0,25.0,389,892,0.0,72.0,1.2,
80,2014,sweet potato orange biofortified raw,roots_tubers,76.9,1.9,0.1,15.6,3.0,0.5,27,517,11,0.5,31.0,0.03,0.05,1.1,0.0,0.0,14.0,33,250,10.0,78.7,0.7,
81,2015,sweet potato pink skin raw,roots_tubers,83.0,1.8,0.6,15.6,3.9,1.0,14,1,14,0.14,22.0,0.07,0.03,0.7,0.0,0.0,19.0,61,247,11.0,76.8,1.3,
82,2016,taro peeled raw,roots_tubers,97.0,1.8,0.2,20.3,3.5,0.7,51,3,22,0.6,12.0,0.1,0.03,0.7,0.0,0.0,20.0,88,300,10.0,73.0,1.2,
83,2017,turnip root raw,roots_tubers,22.0,0.7,0.2,3.6,1.7,0.5,34,0,15,0.21,23.0,0.04,0.04,0.7,0.0,0.0,11.0,39,320,29.0,93.1,0.8,
84,2018,yam flour,roots_tubers,312.0,3.4,0.4,67.4,12.8,1.0,20,0,0,0.0,0.0,0.0,0.0,0.0,0.0,0.0,50.0,110,818,28.0,14.0,2.0,
85,2019,yam white raw,roots_tubers,112.0,1.9,0.2,23.7,4.1,0.8,16,0,16,0.27,6.0,0.11,0.02,0.4,0.0,0.0,18.0,61,295,10.0,69.0,1.1,
86,2020,arrowroot peeled boiled drained without salt,roots_tubers,109.0,3.2,0.3,22.3,1.3,0.5,61,1,2,0.6,0.0,0.22,0.09,2.5,0.0,0.0,25.0,43,685,36.0,70.9,0.8,
87,2021,beet root peeled boiled drained without salt,roots_tubers,44.0,2.1,0.1,6.9,3.3,0.8,13,1,10,0.55,5.3,0.01,0.02,0.3,0.0,0.0,11.0,36,298,60.0,86.1,1.4,
88,2022,beet root peeled stewed without salt,roots_tubers,41.0,2.0,0.1,6.5,3.1,0.8,12,1,6,0.52,40.0,0.01,0.01,0.3,0.0,0.0,11.0,34,281,56.0,86.9,1.2,
89,2023,cassava root white peeled boiled drained without salt,roots_tubers,148.0,1.1,0.2,33.4,3.9,0.7,27,1,15,0.26,23.0,0.15,0.01,0.3,0.0,0.0,10.0,17,171,1.0,60.5,0.8,
90,2024,cassava root yellow peeled boiled drained without salt,roots_tubers,107.0,1.4,0.2,23.1,4.0,0.5,15,49,15,0.26,25.0,0.06,0.02,0.5,0.0,0.0,7.0,21,198,1.0,70.7,0.7,
91,2025,potato irish english white variety peeled boiled drained without salt,roots_tubers,105.0,2.4,0.1,22.7,1.6,1.3,8,0,34,0.29,5.0,0.05,0.03,0.9,0.0,0.0,17.0,76,516,5.0,72.1,1.0,
92,2026,potato irish english white variety peeled steamed without salt,roots_tubers,107.0,2.5,0.2,23.2,1.7,1.3,8,0,33,0.31,5.0,0.06,0.04,1.1,0.0,0.0,18.0,79,559,6.0,71.5,1.0,
93,2027,sweet potato brown skin peeled boiled drained without salt,roots_tubers,101.0,1.7,0.4,20.8,4.0,0.4,21,8,10,0.25,13.0,0.05,0.03,0.6,0.0,0.0,23.0,31,116,16.0,72.0,1.2,
94,2028,sweet potato orange biofortified boiled drained without salt,roots_tubers,77.0,1.9,0.1,15.6,3.0,0.5,26,49,7,0.45,20.0,0.02,0.04,0.8,0.0,0.0,13.0,33,200,8.0,78.7,0.7,
95,2029,sweet potato pink skin boiled drained without salt,roots_tubers,83.0,1.8,0.6,15.6,3.9,0.9,13,1,9,0.13,16.0,0.05,0.03,0.5,0.0,0.0,17.0,57,198,9.0,76.8,1.3,
96,2030,yam white boiled drained without salt,roots_tubers,118.0,2.0,0.2,24.9,4.3,0.8,16,0,10,0.26,4.0,0.09,0.02,0.3,0.0,0.0,17.0,60,248,8.0,67.4,1.2,
97,3001,beans broad dry raw,legumes,305.0,25.7,1.5,35.6,22.9,2.0,25,2,250,2.4,1.4,0.56,0.33,2.4,0.0,0.0,111.0,136,410,25.0,10.9,3.2,
98,3002,beans broad fresh raw,legumes,82.0,7.2,0.5,8.7,7.1,2.5,16,16,284,0.9,41.0,0.12,0.14,2.2,0.0,0.0,28.0,98,210,9.0,75.7,1.3,
99,3003,beans cluster fresh raw,legumes,82.0,6.1,0.4,4.4,4.8,2.3,20,20,41,0.7,49.0,0.09,0.03,0.7,0.0,0.0,46.0,27,160,8.0,82.9,1.4,
100,3004,beans kidney dry raw,legumes,305.0,20.5,2.0,40.6,21.2,6.7,111,1,27,3.3,0.3,0.35,0.18,2.4,0.0,0.0,167.0,406,450,21.0,12.1,3.6,
101,3005,beans lima dry raw,legumes,299.0,22.4,1.6,39.7,18.2,5.0,39,0,38,1.5,0.0,0.53,0.16,1.5,0.0,0.0,158.0,322,923,18.0,13.6,4.5,
102,3006,bean red fresh raw,legumes,131.0,12.8,0.4,14.6,9.1,2.4,12,2,130,1.0,27.0,0.18,0.11,2.0,0.0,0.0,18.0,100,490,30.0,61.6,1.5,
103,3007,beans shellie canned solid and liquids,legumes,27.0,1.8,0.2,2.8,3.4,1.0,29,11,18,0.27,3.1,0.03,0.05,0.2,0.0,0.0,15.0,30,109,34.0,90.7,1.2,
104,3008,bonavist dry raw,legumes,319.0,23.1,1.4,45.3,16.4,7.1,59,0,62,2.4,0.0,0.59,0.17,2.8,0.0,0.0,314.0,453,1000,18.0,10.3,3.4,
105,3009,bonavist fresh raw,legumes,124.0,5.8,0.6,18.8,10.0,2.5,31,43,188,1.6,0.0,0.54,0.14,0.5,0.0,0.0,38.0,118,762,6.0,63.3,1.5,
106,3010,chick peas whole dry raw,legumes,323.0,22.3,5.1,34.3,25.2,6.8,23,1,175,3.3,8.0,0.48,0.16,2.1,0.0,0.0,160.0,284,1030,25.0,9.9,3.1,
107,3011,cowpeas dry raw,legumes,313.0,25.3,1.1,43.3,14.3,5.9,112,2,190,3.3,1.5,0.9,0.15,2.4,0.0,0.0,227.0,276,1380,22.0,12.4,3.6,
108,3012,cowpeas fresh raw,legumes,125.0,4.6,0.6,21.5,8.0,1.6,200,6,267,1.6,4.0,0.14,0.1,2.3,0.0,0.0,81.0,184,685,6.0,63.8,1.7,
109,3013,flour soya full fat,legumes,437.0,37.0,20.2,22.0,9.4,6.2,200,6,71,3.8,0.0,0.8,0.3,4.2,0.0,0.0,142.0,842,470,12.0,7.0,7.0,
110,3014,flour soya low fat,legumes,361.0,45.0,8.6,17.8,15.6,9.1,240,2,230,9.0,0.0,0.8,0.4,2.9,0.0,0.0,278.0,658,2040,45.0,7.0,5.9,
111,3015,garden peas fresh raw,legumes,37.0,7.9,0.7,9.8,1.0,3.6,28,30,363,4.6,38.4,0.29,0.13,2.3,0.0,0.0,30.0,108,249,3.0,72.5,1.0,
112,3016,garden peas dry raw,legumes,324.0,20.4,1.9,47.8,17.0,4.8,58,5,110,3.3,5.0,0.88,0.17,2.6,0.0,0.0,117.0,332,993,11.0,10.3,2.5,
113,3017,gram black dry raw,legumes,316.0,24.6,1.7,42.5,16.3,6.1,84,1,140,3.4,3.0,0.31,0.11,1.8,0.0,0.0,133.0,357,181,4.0,11.4,3.5,
114,3018,gram flour raw,legumes,353.0,22.7,5.4,48.5,10.1,5.2,58,3,192,1.5,0.0,0.45,0.17,1.9,0.0,0.0,217.0,297,102,0.0,9.6,3.7,
115,3019,gram green dry raw,legumes,311.0,27.2,1.7,38.4,16.7,7.6,151,9,111,2.6,3.0,0.52,0.2,2.2,0.0,0.0,208.0,280,989,26.0,11.6,4.4,
116,3020,lentils whole dry raw,legumes,318.0,28.4,0.6,41.3,16.8,7.4,83,1,100,3.3,6.8,0.4,0.19,2.5,0.0,0.0,130.0,308,629,11.0,9.9,3.0,
117,3021,pigeon peas dry raw,legumes,303.0,20.9,2.1,38.9,22.1,5.4,172,1,230,2.9,1.5,0.72,0.14,2.4,0.0,0.0,128.0,272,1200,21.0,12.1,3.8,
118,3022,soybean dry raw,legumes,386.0,34.0,19.1,9.7,19.3,7.3,228,0,105,3.8,0.0,0.73,0.15,2.5,0.0,0.0,203.0,338,1730,7.0,12.7,5.2,
119,3023,beans broad dry unsoaked boiled drained without salt,legumes,109.0,9.2,0.5,12.7,8.2,0.8,23,1,45,0.68,0.0,0.13,0.09,0.6,0.0,0.0,25.0,98,175,5.0,68.2,1.2,
120,3024,beans broad dry unsoaked boiled without salt water not discarded,legumes,68.0,5.6,0.3,7.7,5.0,0.5,17,1,6,0.51,0.0,0.1,0.07,0.4,0.0,0.0,17.0,73,156,5.0,80.6,0.8,
121,3025,beans broad dry water soaked boiled in different water drained without salt,legumes,109.0,9.2,0.5,12.7,8.2,0.8,23,1,45,0.68,0.0,0.13,0.09,0.6,0.0,0.0,25.0,98,175,5.0,68.2,1.2,
122,3026,beans broad dry water soaked boiled in different water without salt water not discarded,legumes,68.0,5.6,0.3,7.7,5.0,0.5,17,1,6,0.51,0.0,0.1,0.07,0.4,0.0,0.0,17.0,73,156,5.0,80.6,0.8,
123,3027,beans broad fresh boiled drained without salt,legumes,87.0,7.5,0.5,9.2,7.5,1.4,15,15,149,0.8,28.0,0.08,0.09,1.4,0.0,0.0,22.0,103,146,6.0,73.9,1.3,
124,3028,beans cluster fresh boiled drained without salt,legumes,58.0,6.5,0.4,4.6,5.1,0.5,19,19,22,0.52,34.0,0.06,0.02,0.5,0.0,0.0,30.0,100,119,6.0,82.6,1.4,
125,3029,beans kidney dry unsoaked boiled drained without salt,legumes,117.0,7.9,0.8,15.5,8.1,0.9,18,0,5,0.6,0.0,0.09,0.05,0.6,0.0,0.0,30.0,125,115,7.0,66.3,1.4,
126,3030,beans kidney dry unsoaked boiled without salt water not discarded,legumes,70.0,4.7,0.5,9.4,4.9,0.6,12,0,3,0.41,0.0,0.06,0.04,0.4,0.0,0.0,19.0,76,94,5.0,79.7,0.9,
127,3031,beans kidney dry water soaked boiled in different water drained without salt,legumes,117.0,7.9,0.8,15.5,8.1,0.9,18,0,5,0.6,0.0,0.09,0.05,0.6,0.0,0.0,30.0,125,115,7.0,66.3,1.4,
128,3032,beans kidney dry water soaked boiled in different water without salt water not discarded,legumes,70.0,4.7,0.5,9.4,4.9,0.6,12,0,3,0.41,0.0,0.06,0.04,0.4,0.0,0.0,19.0,76,94,5.0,79.7,0.9,
129,3033,beans lima dry unsoaked boiled drained without salt,legumes,120.0,8.9,0.7,15.9,7.3,3.4,23,0,7,0.95,0.0,0.14,0.05,0.4,0.0,0.0,54.0,139,434,43.0,65.4,1.8,
130,3034,beans lima dry unsoaked boiled without salt water not discarded,legumes,69.0,5.2,0.4,9.2,4.2,2.3,17,0,3,0.61,0.0,0.1,0.04,0.3,0.0,0.0,37.0,89,334,44.0,79.7,1.1,
131,3035,beans lima dry water soaked boiled in different water drained without salt,legumes,120.0,8.9,0.7,15.9,7.3,3.4,23,0,7,0.95,0.0,0.14,0.05,0.4,0.0,0.0,54.0,139,434,43.0,65.4,1.8,
132,3036,beans lima dry water soaked boiled in different water without salt water not discarded,legumes,69.0,5.2,0.4,9.2,4.2,2.3,17,0,3,0.61,0.0,0.1,0.04,0.3,0.0,0.0,37.0,89,334,44.0,79.7,1.1,
133,3037,bonavist dry unsoaked boiled drained without salt,legumes,122.0,8.9,0.5,17.4,6.3,2.3,21,0,4,0.86,0.0,0.15,0.05,0.7,0.0,0.0,48.0,115,289,7.0,56.8,1.3,
134,3038,bonavist dry unsoaked boiled without salt water not discarded,legumes,77.0,7.4,0.4,14.5,5.2,1.7,21,0,4,0.8,0.0,0.15,0.05,0.7,0.0,0.0,47.0,107,321,9.0,71.3,1.1,
135,3039,bonavist dry water soaked boiled in different water drained without salt,legumes,122.0,8.9,0.5,17.4,6.3,2.3,21,0,4,0.86,0.0,0.15,0.05,0.7,0.0,0.0,48.0,115,289,7.0,56.8,1.3,
136,3040,bonavist dry water soaked boiled in different water without salt water not discarded,legumes,77.0,7.4,0.4,14.5,5.2,1.7,21,0,4,0.8,0.0,0.15,0.05,0.7,0.0,0.0,47.0,107,321,9.0,71.3,1.1,
137,3041,chick peas whole dry unsoaked boiled drained without salt,legumes,143.0,9.9,2.3,15.3,11.2,2.6,90,6,8,1.35,2.0,0.14,0.05,0.6,0.0,0.0,61.0,114,342,10.0,59.9,1.4,
138,3042,chick peas whole unsoaked boiled without salt water not discarded,legumes,102.0,7.1,1.6,10.9,8.0,2.2,76,5,5,1.07,2.0,0.12,0.05,0.5,0.0,0.0,51.0,90,326,10.0,71.4,1.0,
139,3043,chick peas whole dry water soaked boiled in different water drained without salt,legumes,143.0,9.9,2.3,15.3,11.2,2.6,90,6,8,1.35,2.0,0.14,0.05,0.6,0.0,0.0,61.0,114,342,10.0,59.9,1.4,
140,3044,chick peas whole dry water soaked boiled in different water without salt water not discarded,legumes,102.0,7.1,1.6,10.9,8.0,2.2,76,5,5,1.07,2.0,0.12,0.05,0.5,0.0,0.0,51.0,90,326,10.0,71.4,1.0,
141,3045,cowpeas dry unsoaked boiled drained without salt,legumes,117.0,9.5,0.4,16.2,5.4,1.9,37,1,8,1.14,0.0,0.22,0.04,0.6,0.0,0.0,39.0,93,389,8.0,67.1,1.4,
142,3046,cowpeas unsoaked boiled without salt water not discarded,legumes,71.0,5.7,0.3,9.8,3.2,1.4,27,0,6,0.76,0.0,0.16,0.03,0.4,0.0,0.0,47.0,46,231,37.0,80.1,0.8,
143,3047,cowpeas dry water soaked boiled in different water drained without salt,legumes,117.0,9.5,0.4,16.2,5.4,1.9,37,1,8,1.14,0.0,0.22,0.04,0.6,0.0,0.0,39.0,93,389,8.0,67.1,1.4,
144,3048,cowpeas dry water soaked boiled in different water without salt water not discarded,legumes,71.0,5.7,0.3,9.8,3.2,1.4,27,0,6,0.76,0.0,0.16,0.03,0.4,0.0,0.0,47.0,46,231,37.0,80.1,0.8,
145,3049,cowpeas fresh boiled drained without salt,legumes,132.0,4.8,0.6,22.6,8.4,1.4,20,62,14,1.27,3.0,0.1,0.07,1.6,0.0,0.0,45.0,180,361,5.0,61.8,1.8,
146,3050,garden peas fresh boiled drained without salt,legumes,39.0,8.3,0.7,10.4,8.5,2.1,28,29,13,3.67,26.0,0.2,0.09,1.6,0.0,0.0,19.0,102,131,33.0,71.1,1.1,
147,3051,garden peas dry unsoaked boiled drained without salt,legumes,120.0,7.6,0.7,17.7,6.3,1.5,20,2,2,1.07,1.0,0.21,0.05,0.6,0.0,0.0,38.0,107,259,71.0,66.8,1.0,
148,3052,garden peas unsoaked boiled without salt water not discarded,legumes,76.0,4.8,0.4,11.2,4.0,1.1,16,1,1,0.75,1.0,0.17,0.04,0.5,0.0,0.0,28.0,76,220,60.0,78.9,0.6,
149,3053,garden peas dry water soaked boiled in different water drained without salt,legumes,120.0,7.6,0.7,17.7,6.3,1.5,20,2,2,1.07,1.0,0.21,0.05,0.6,0.0,0.0,38.0,107,259,71.0,66.8,1.0,
150,3054,garden peas dry water soaked boiled in different water without salt water not discarded,legumes,76.0,4.8,0.4,11.2,4.0,1.1,16,1,1,0.75,1.0,0.17,0.04,0.5,0.0,0.0,28.0,76,220,60.0,78.9,0.6,
151,3055,gram black dry unsoaked boiled drained without salt,legumes,103.0,8.0,0.6,13.8,5.3,1.6,25,4,6,0.68,1.0,0.07,0.03,0.4,0.0,0.0,32.0,98,175,5.0,71.2,1.2,
152,3056,gram black dry unsoaked boiled without salt water not discarded,legumes,69.0,5.3,0.4,9.2,3.5,1.3,20,3,5,0.51,0.0,0.05,0.02,0.3,0.0,0.0,25.0,73,157,5.0,80.7,0.8,
153,3057,gram black dry water soaked boiled in different water drained without salt,legumes,103.0,8.0,0.6,13.8,5.3,1.6,25,4,6,0.68,1.0,0.07,0.03,0.4,0.0,0.0,32.0,98,175,5.0,71.2,1.2,
154,3058,gram black dry water soaked boiled in different water without salt water not discarded,legumes,69.0,5.3,0.4,9.2,3.5,1.3,20,3,5,0.51,0.0,0.05,0.02,0.3,0.0,0.0,25.0,73,157,5.0,80.7,0.8,
155,3059,gram green dry unsoaked boiled drained without salt,legumes,116.0,10.1,0.6,14.3,6.2,2.4,49,3,13,0.88,0.0,0.13,0.06,0.5,0.0,0.0,66.0,94,276,9.0,67.1,1.7,
156,3060,gram green dry unsoaked boiled without salt water not discarded,legumes,73.0,6.4,0.4,9.0,3.9,1.8,38,2,8,0.62,0.0,0.1,0.05,0.4,0.0,0.0,50.0,66,233,8.0,79.2,1.1,
157,3061,gram green dry water soaked boiled in different water drained without salt,legumes,116.0,10.1,0.6,14.3,6.2,2.4,49,3,13,0.88,0.0,0.13,0.06,0.5,0.0,0.0,66.0,94,276,9.0,67.1,1.7,
158,3062,gram green dry water soaked boiled in different water without salt water not discarded,legumes,73.0,6.4,0.4,9.0,3.9,1.8,38,2,8,0.62,0.0,0.1,0.05,0.4,0.0,0.0,50.0,66,233,8.0,79.2,1.1,
159,3063,lentils whole dry unsoaked boiled drained without salt,legumes,120.0,10.7,0.2,15.6,6.3,2.4,28,0,5,1.22,2.0,0.1,0.05,0.6,0.0,0.0,33.0,104,178,5.0,66.0,1.1,
160,3064,lentils whole unsoaked boiled without salt water not discarded,legumes,75.0,6.7,0.2,9.7,4.0,1.7,21,0,3,0.85,1.0,0.08,0.04,0.5,0.0,0.0,24.0,72,148,5.0,78.8,0.7,
161,3065,lentils whole dry water soaked boiled in different water drained without salt,legumes,120.0,10.7,0.2,15.6,6.3,2.4,28,0,5,1.22,2.0,0.1,0.05,0.6,0.0,0.0,33.0,104,178,5.0,66.0,1.1,
162,3066,lentils whole dry water soaked boiled in different water without salt water not discarded,legumes,75.0,6.7,0.2,9.7,4.0,1.7,21,0,3,0.85,1.0,0.08,0.04,0.5,0.0,0.0,24.0,72,148,5.0,78.8,0.7,
163,3067,pigeon peas dry unsoaked boiled drained without salt,legumes,132.0,9.1,0.9,16.9,9.6,2.0,65,8,7,1.13,0.0,0.2,0.05,0.7,0.0,0.0,48.0,106,391,81.0,61.8,1.7,
164,3068,pigeon peas dry unsoaked boiled without salt water not discarded,legumes,95.0,6.5,0.7,12.1,6.9,1.7,56,6,6,0.91,0.0,0.18,0.04,0.6,0.0,0.0,41.0,85,375,75.0,72.5,1.2,
165,3069,pigeon peas dry water soaked boiled in different water drained without salt,legumes,132.0,9.1,0.9,16.9,9.6,2.0,65,8,7,1.13,0.0,0.2,0.05,0.7,0.0,0.0,48.0,106,391,81.0,61.8,1.7,
166,3070,pigeon peas dry water soaked boiled in different water without salt water not discarded,legumes,95.0,6.5,0.7,12.1,6.9,1.7,56,6,6,0.91,0.0,0.18,0.04,0.6,0.0,0.0,41.0,85,375,75.0,72.5,1.2,
167,3071,soybean dry unsoaked boiled drained without salt,legumes,159.0,14.0,7.9,7.9,2.2,2.5,81,0,7,1.42,0.0,0.19,0.05,0.7,0.0,0.0,72.0,142,533,41.0,64.0,2.2,
168,3072,soybean dry water soaked boiled in different water drained without salt,legumes,159.0,14.0,7.9,7.9,2.2,2.5,81,0,7,1.42,0.0,0.19,0.05,0.7,0.0,0.0,72.0,142,533,41.0,64.0,2.2,
169,4001,amaranth leaves picked raw,vegetables,36.0,3.7,0.2,1.3,7.2,6.8,280,326,64,0.9,77.0,0.03,0.22,0.6,0.0,0.0,103.0,89,597,18.0,84.6,3.1,
170,4002,bitter gourd whole different varieties raw,vegetables,28.0,1.5,0.2,4.2,3.7,1.4,22,11,45,0.3,60.0,0.07,0.04,0.3,0.0,0.0,20.0,51,210,16.0,88.6,0.8,
171,4003,black african nightshade indigenous leaves picked raw,vegetables,31.0,3.8,0.1,1.3,4.3,8.6,100,24,4,0.6,36.0,0.06,0.32,1.1,0.0,0.0,41.0,84,211,0.0,88.6,1.8,
172,4004,broccoli tops and stems raw,vegetables,34.0,3.3,0.3,2.7,3.7,0.8,66,25,48,1.0,103.0,0.1,0.22,0.5,0.0,0.0,21.0,75,336,22.0,89.0,1.0,
173,4005,cabbage leaf head chinese raw,vegetables,10.0,0.9,0.3,1.1,0.4,1.4,36,16,17,0.0,20.0,0.03,0.04,0.4,0.0,0.0,10.0,40,250,16.0,97.0,0.4,
174,4006,cabbage leaf head red raw,vegetables,27.0,1.3,0.2,3.1,3.4,0.7,45,1,55,0.3,69.0,0.09,0.13,0.5,0.0,0.0,29.0,14,241,16.0,91.1,0.9,
175,4007,cabbage leaf head white raw,vegetables,19.0,1.1,0.1,2.2,2.2,0.5,47,0,15,0.2,50.0,0.04,0.04,0.4,0.0,0.0,9.0,40,313,37.0,93.8,0.7,
176,4008,capsicum sweet pepper green raw,vegetables,23.0,1.5,0.1,2.9,2.0,0.5,8,27,8,0.18,115.0,0.03,0.03,0.5,0.0,0.0,10.0,17,151,2.0,93.3,0.2,
177,4009,capsicum sweet pepper red raw,vegetables,26.0,1.7,0.2,3.5,1.8,0.3,4,214,25,0.2,156.0,0.04,0.05,1.0,0.0,0.0,6.0,24,174,2.0,92.4,0.4,
178,4010,capsicum sweet pepper yellow raw,vegetables,21.0,1.4,0.2,2.3,2.2,1.0,19,14,30,0.0,127.0,0.14,0.02,0.5,0.0,0.0,43.0,24,220,0.0,93.4,0.6,
179,4011,carrot peeled raw,vegetables,30.0,0.7,0.2,4.5,3.2,0.6,33,589,18,0.14,5.5,0.04,0.03,0.2,0.0,0.0,17.0,25,251,35.0,90.6,0.6,
180,4012,cauliflower tops and stems raw,vegetables,19.0,2.0,0.2,0.9,2.8,0.8,17,0,44,0.19,70.0,0.06,0.09,0.5,0.0,0.0,11.0,49,292,30.0,93.2,0.9,
181,4013,celery stalk raw,vegetables,27.0,0.6,0.1,5.3,1.4,1.9,70,39,13,0.21,12.0,0.03,0.03,0.4,0.0,0.0,50.0,26,728,67.0,90.9,1.8,
182,4014,courgette green unpeeled raw,vegetables,19.0,0.9,0.3,2.5,1.1,0.3,18,23,17,0.33,24.0,0.03,0.06,0.6,0.0,0.0,16.0,34,188,1.0,94.8,0.4,
183,4015,cowpea leaves picked raw,vegetables,30.0,3.4,0.4,0.7,4.9,2.7,188,36,50,0.0,50.0,0.49,0.37,1.6,0.0,0.0,47.0,174,853,11.0,88.7,1.9,
184,4016,cucumber green unpeeled raw,vegetables,11.0,0.6,0.1,1.3,1.4,0.7,20,0,7,0.18,7.0,0.03,0.02,0.2,0.0,0.0,14.0,20,136,22.0,96.2,0.5,
185,4017,eggplant brinjal different varieties whole edible raw,vegetables,27.0,1.2,0.3,2.8,4.0,0.4,18,12,29,0.21,2.0,0.05,0.05,1.0,0.0,0.0,21.0,35,200,3.0,90.8,0.9,
186,4018,jute mallow picked leaves raw,vegetables,45.0,4.6,0.2,2.1,8.3,6.3,207,217,26,0.58,44.5,0.09,0.34,0.5,0.0,0.0,88.0,282,318,18.0,82.3,2.5,
187,4019,kale ethiopian kanzera leaves raw,vegetables,27.0,3.3,0.6,0.2,4.0,5.7,117,118,73,0.7,134.0,0.06,0.23,0.9,0.0,0.0,45.0,163,970,0.0,90.4,1.6,
188,4020,kale sukuma wiki raw,vegetables,29.0,3.0,0.3,1.2,4.7,22.0,40,177,62,0.5,134.0,0.11,0.13,1.0,0.0,0.0,41.0,167,387,10.0,89.2,1.6,
189,4021,leeks bulb and stem raw,vegetables,54.0,1.7,0.4,9.5,3.1,1.8,78,20,64,0.3,21.0,0.14,0.0,0.6,0.0,0.0,14.0,54,202,17.0,84.5,0.8,
190,4022,lettuce not further defined raw,vegetables,17.0,1.2,0.2,1.9,1.6,1.6,47,107,66,0.26,10.0,0.08,0.05,0.2,0.0,0.0,24.0,55,201,20.0,94.4,0.7,
191,4023,mushroom fresh raw,vegetables,35.0,2.3,0.4,4.5,2.3,0.3,16,0,23,0.17,0.0,0.1,0.4,0.7,0.0,0.0,10.0,105,318,88.0,89.7,0.9,
192,4024,mushroom dried raw,vegetables,283.0,12.3,2.9,32.4,39.1,5.7,24,0,63,0.0,0.0,0.24,0.17,3.7,0.0,0.0,70.0,232,658,0.0,11.9,1.4,
193,4025,mushroom raw canned in brine drained,vegetables,18.0,1.5,0.4,0.2,3.7,0.5,4,4,22,0.0,3.0,0.23,0.05,1.3,0.0,0.0,14.0,24,300,0.0,93.0,1.2,
194,4026,okra fresh raw,vegetables,32.0,2.0,0.2,3.5,3.7,0.8,81,9,88,0.6,21.0,0.1,0.06,1.0,0.0,0.0,57.0,63,380,3.0,90.5,0.7,
195,4027,pumpkin flesh yellow without seeds raw,vegetables,32.0,1.2,0.2,5.2,2.4,0.2,17,126,50,0.21,8.0,0.07,0.06,0.7,0.0,0.0,12.0,31,178,14.0,90.3,0.7,
196,4028,pumpkin leaves raw,vegetables,37.0,4.2,0.7,2.2,2.3,5.6,38,141,93,0.9,12.3,0.07,0.12,1.4,0.0,0.0,14.0,211,942,31.0,87.3,3.2,
197,4029,spider plant leaves raw,vegetables,43.0,4.8,0.8,2.1,4.3,2.6,18,217,34,0.76,64.0,0.1,0.12,1.3,0.0,0.0,49.0,478,781,9.0,85.4,3.0,
198,4030,spinach leaves raw,vegetables,27.0,2.8,0.4,1.1,4.1,1.8,18,189,101,0.0,37.0,0.03,0.18,0.4,0.0,0.0,16.0,110,540,20.0,89.8,1.8,
199,4031,spinach swiss chard leaves raw,vegetables,25.0,3.1,0.2,0.7,3.6,2.0,18,190,121,0.0,24.0,0.03,0.1,0.6,0.0,0.0,34.0,121,574,20.0,90.3,2.0,
200,4032,squash butternut peeled flesh raw,vegetables,43.0,1.5,0.1,7.8,2.5,0.2,17,160,31,0.21,8.0,0.07,0.06,1.0,0.0,0.0,12.0,31,178,14.0,87.3,0.8,
201,4033,stinging nettle leaves raw,vegetables,80.0,5.4,0.7,6.7,2.1,4.0,18,23,45,0.0,70.0,0.04,0.14,1.4,0.0,0.0,21.0,100,570,5.0,80.0,4.9,
202,4034,sweet potato leaves,vegetables,36.0,4.3,0.5,0.8,5.3,1.4,19,189,110,0.0,11.0,0.1,0.35,1.1,0.0,0.0,21.0,126,387,20.0,87.6,1.4,
203,4035,tomato green raw,vegetables,23.0,1.1,0.2,3.3,1.6,0.6,15,3,9,0.2,90.0,0.08,0.1,0.5,0.0,0.0,10.0,30,200,10.0,93.2,0.6,
204,4036,tomato red ripe raw,vegetables,22.0,1.0,0.2,3.3,1.4,0.4,15,26,25,0.18,25.0,0.04,0.04,0.5,0.0,0.0,10.0,20,210,5.0,93.6,0.5,
205,4037,tomato canned whole contents,vegetables,20.0,1.0,0.1,3.1,1.3,0.6,22,2,14,0.16,0.0,0.05,0.05,0.7,0.0,0.0,11.0,20,204,68.0,94.0,0.5,
206,4038,vine african spinach picked leaves raw,vegetables,28.0,3.4,0.7,0.2,3.7,10.9,267,16,44,0.5,0.0,0.2,0.2,0.8,0.0,0.0,56.0,446,468,0.0,90.4,1.6,
207,4039,amaranth leaves picked boiled drained without salt,vegetables,38.0,3.9,0.3,1.3,7.6,5.3,280,30,53,0.73,33.0,0.02,0.15,0.5,0.0,0.0,77.0,84,314,14.0,83.8,3.2,
208,4040,amaranth leaves picked stewed without salt,vegetables,45.0,4.6,0.3,1.5,8.9,8.3,346,36,85,1.2,57.0,0.03,0.26,0.8,0.0,0.0,111.0,107,372,22.0,81.4,3.8,
209,4041,bitter gourd whole different varieties boiled drained without salt,vegetables,36.0,1.7,0.3,4.6,4.1,1.2,23,11,25,0.31,43.0,0.05,0.03,0.2,0.0,0.0,13.0,51,171,14.0,88.4,0.9,
210,4042,black african nightshade indigenous leaves picked boiled drained without salt,vegetables,29.0,3.6,0.1,1.3,4.1,6.2,91,23,19,0.46,14.0,0.04,0.2,0.7,0.0,0.0,24.0,58,200,7.0,89.1,1.7,
211,4043,broccoli tops and stems boiled drained without salt,vegetables,31.0,3.2,0.3,2.4,3.3,0.6,56,20,13,0.41,60.0,0.06,0.13,0.3,0.0,0.0,11.0,61,151,15.0,90.1,0.9,
212,4044,broccoli tops and stems steamed without salt,vegetables,33.0,3.2,0.3,2.6,3.6,0.6,60,22,19,0.52,74.0,0.08,0.19,0.4,0.0,0.0,18.0,69,275,18.0,89.4,1.0,
213,4045,cabbage leaf head chinese boiled drained without salt,vegetables,10.0,0.9,0.3,1.1,0.4,1.1,35,15,8,0.15,8.0,0.02,0.03,0.3,0.0,0.0,6.0,37,128,12.0,96.9,0.4,
214,4046,cabbage leaf head chinese steamed without salt,vegetables,10.0,0.9,0.3,1.1,0.4,1.2,35,15,10,0.18,11.0,0.02,0.04,0.3,0.0,0.0,9.0,39,217,14.0,96.9,0.4,
215,4047,cabbage leaf head red boiled drained without salt,vegetables,27.0,1.3,0.2,3.2,3.5,0.5,44,1,9,0.23,28.0,0.06,0.09,0.3,0.0,0.0,18.0,13,123,12.0,90.9,0.9,
216,4048,cabbage leaf head red stewed without salt,vegetables,24.0,1.2,0.2,2.9,3.1,0.7,42,1,11,0.28,38.0,0.08,0.11,0.4,0.0,0.0,27.0,13,223,15.0,91.7,0.8,
217,4049,cabbage leaf head white boiled drained without salt,vegetables,19.0,1.1,0.1,2.2,2.3,0.4,45,0,8,0.18,20.0,0.03,0.03,0.3,0.0,0.0,6.0,36,159,29.0,93.6,0.7,
218,4050,cabbage leaf head white stewed without salt,vegetables,20.0,1.2,0.1,2.4,2.4,0.5,50,0,11,0.25,32.0,0.04,0.04,0.4,0.0,0.0,10.0,43,336,40.0,93.3,0.7,
219,4051,capsicum sweet pepper green boiled drained without salt,vegetables,26.0,1.7,0.1,3.3,2.3,0.5,9,28,5,0.16,86.0,0.02,0.02,0.4,0.0,0.0,7.0,18,87,2.0,92.3,0.2,
220,4052,capsicum sweet pepper green grilled without salt and fat,vegetables,24.0,1.6,0.1,3.1,2.2,0.6,9,26,9,0.19,99.0,0.03,0.03,0.5,0.0,0.0,11.0,18,162,2.0,92.8,0.2,
221,4053,capsicum sweet pepper green baked without salt,vegetables,23.0,1.6,0.1,3.2,2.1,0.6,8,26,10,0.19,96.0,0.03,0.03,0.5,0.0,0.0,10.0,18,157,2.0,93.1,0.2,
222,4054,capsicum sweet pepper red boiled drained without salt,vegetables,30.0,1.3,0.2,4.0,2.1,0.3,4,21,3,0.17,117.0,0.03,0.04,0.7,0.0,0.0,5.0,10,200,2.0,91.3,0.5,
223,4055,capsicum sweet pepper red grilled without salt and fat,vegetables,28.0,1.8,0.2,3.8,1.9,0.3,4,20,5,0.22,134.0,0.04,0.05,1.0,0.0,0.0,6.0,26,187,2.0,91.8,0.4,
224,4056,capsicum sweet pepper red baked without salt,vegetables,27.0,1.8,0.2,3.6,1.9,0.3,4,19,5,0.21,130.0,0.04,0.05,1.0,0.0,0.0,6.0,25,181,2.0,92.1,0.4,
225,4057,capsicum sweet pepper yellow boiled drained without salt,vegetables,24.0,1.6,0.2,2.6,2.5,0.6,21,14,4,0.22,95.0,0.1,0.01,0.4,0.0,0.0,12.0,45,139,1.0,92.4,0.7,
226,4058,capsicum sweet pepper yellow grilled without salt and fat,vegetables,22.0,1.5,0.2,2.4,2.4,0.7,21,13,6,0.28,109.0,0.14,0.02,0.6,0.0,0.0,19.0,47,260,2.0,92.9,0.7,
227,4059,capsicum sweet pepper yellow baked without salt,vegetables,22.0,1.4,0.2,2.4,2.3,0.7,20,13,6,0.27,106.0,0.13,0.02,0.6,0.0,0.0,18.0,45,252,2.0,93.1,0.6,
228,4060,carrot peeled boiled drained without salt,vegetables,32.0,0.8,0.3,4.8,3.4,0.5,34,56,10,0.11,2.0,0.03,0.02,0.2,0.0,0.0,11.0,24,120,21.0,90.0,0.7,
229,4061,carrot peeled stewed without salt,vegetables,31.0,0.8,0.2,4.7,3.4,0.6,35,55,13,0.14,5.0,0.04,0.03,0.2,0.0,0.0,17.0,26,261,37.0,90.2,0.7,
230,4062,cauliflower tops and stems boiled drained without salt,vegetables,19.0,2.0,0.2,0.9,2.8,0.6,16,0,22,0.19,46.0,0.04,0.06,0.3,0.0,0.0,6.0,41,146,23.0,93.2,0.9,
231,4063,celery stalk boiled drained without salt,vegetables,27.0,0.6,0.1,5.3,1.4,1.9,70,39,13,0.21,12.0,0.03,0.03,0.4,0.0,0.0,50.0,26,728,67.0,90.9,1.8,
232,4064,courgette green unpeeled boiled drained without salt,vegetables,21.0,1.0,0.3,2.8,1.2,0.4,19,1,9,0.28,9.0,0.02,0.04,0.4,0.0,0.0,11.0,34,104,1.0,94.2,0.4,
233,4065,cowpea leaves picked boiled drained without salt,vegetables,28.0,3.2,0.4,0.6,4.7,1.9,170,0,45,0.53,19.0,0.3,0.23,1.0,0.0,0.0,27.0,152,312,20.0,89.2,1.8,
234,4066,cowpea leaves picked steamed without salt,vegetables,26.0,2.9,0.4,0.6,4.3,1.9,155,0,49,0.58,24.0,0.34,0.29,1.1,0.0,0.0,37.0,143,582,30.0,90.2,1.7,
235,4067,eggplant brinjal different varieties whole edible boiled drained without salt,vegetables,29.0,1.3,0.3,3.0,4.3,0.3,19,12,16,0.17,1.0,0.03,0.03,0.4,0.0,0.0,14.0,34,108,2.0,90.1,1.0,
236,4068,eggplant brinjal different varieties whole edible stewed without salt,vegetables,38.0,1.5,0.4,3.4,5.0,0.5,23,14,25,0.26,2.0,0.06,0.06,0.6,0.0,0.0,26.0,44,250,4.0,88.5,1.2,
237,4069,jute mallow picked leaves boiled drained without salt,vegetables,47.0,4.9,0.2,2.2,8.7,5.0,207,20,16,0.46,18.0,0.06,0.23,0.4,0.0,0.0,84.0,149,149,14.0,81.4,2.6,
238,4070,jute mallow picked leaves stewed without salt,vegetables,56.0,5.7,0.2,2.6,10.2,7.8,255,24,11,0.72,32.0,0.1,0.4,0.6,0.0,0.0,109.0,349,349,23.0,78.2,3.1,
239,4071,kale ethiopian kanzera leaves boiled drained without salt,vegetables,26.0,3.1,0.6,0.2,3.8,3.1,105,10,35,0.48,51.0,0.04,0.14,0.6,0.0,0.0,43.0,304,450,4.0,90.8,1.5,
240,4072,kale ethiopian kanzera leaves steamed without salt,vegetables,24.0,2.8,0.5,0.2,3.5,3.9,96,9,38,0.52,64.0,0.04,0.18,0.6,0.0,0.0,42.0,425,470,5.0,91.6,1.4,
241,4073,kale sukuma wiki boiled drained without salt,vegetables,28.0,2.9,0.3,1.2,4.4,2.0,36,15,30,0.34,51.0,0.07,0.08,0.6,0.0,0.0,35.0,71,135,10.0,89.7,1.5,
242,4074,kale sukuma wiki steamed without salt,vegetables,25.0,2.6,0.3,1.1,4.1,2.0,33,13,38,0.37,64.0,0.08,0.1,0.7,0.0,0.0,32.0,55,176,53.0,90.6,1.4,
243,4075,leeks bulb and stem boiled drained without salt,vegetables,66.0,2.0,0.5,11.4,3.7,1.6,90,22,7,0.27,10.0,0.12,0.07,0.3,0.0,0.0,10.0,58,110,11.0,81.4,1.0,
244,4076,mushroom fresh boiled drained without salt,vegetables,48.0,3.2,0.5,6.1,3.1,0.3,21,0,16,0.17,0.0,0.09,0.36,0.6,0.0,0.0,12.0,129,218,88.0,85.9,1.2,
245,4077,mushroom fresh stewed without salt,vegetables,43.0,2.8,0.5,5.5,2.8,0.4,20,0,20,0.21,0.0,0.11,0.47,0.8,0.0,0.0,19.0,130,393,100.0,87.3,1.1,
246,4078,mushroom dried boiled drained without salt,vegetables,162.0,7.0,1.6,18.5,22.4,2.3,14,0,47,3.7,0.0,0.09,0.06,1.4,0.0,0.0,36.0,361,933,33.0,49.6,0.8,
247,4079,okra fresh boiled drained without salt,vegetables,29.0,1.8,0.2,4.1,3.4,0.5,70,8,40,0.41,12.0,0.05,0.04,0.6,0.0,0.0,31.0,52,138,5.0,90.5,0.6,
248,4080,okra fresh stewed without salt,vegetables,35.0,2.2,0.2,6.1,4.0,0.7,84,9,57,0.59,17.0,0.08,0.06,0.9,0.0,0.0,56.0,65,280,7.0,88.7,1.8,
249,4081,pumpkin flesh yellow without seeds boiled drained without salt,vegetables,35.0,1.3,0.2,5.6,2.6,0.2,18,12,5,0.17,6.0,0.05,0.04,0.5,0.0,0.0,9.0,31,97,11.0,89.5,0.8,
250,4082,pumpkin flesh yellow without seeds stewed without salt,vegetables,28.0,1.1,0.2,4.6,2.1,0.2,15,10,7,0.19,6.0,0.06,0.05,0.7,0.0,0.0,11.0,27,157,12.0,91.4,0.7,
251,4083,pumpkin leaves boiled drained without salt,vegetables,35.0,4.0,0.7,2.1,2.1,4.0,34,12,17,0.64,5.0,0.04,0.07,0.9,0.0,0.0,110.0,220,190,6.0,87.9,3.1,
252,4084,pumpkin leaves steamed without salt,vegetables,32.0,3.7,0.6,1.9,2.0,3.9,31,11,19,0.7,6.0,0.05,0.09,1.0,0.0,0.0,98.0,198,313,39.0,89.0,2.8,
253,4085,spider plant leaves boiled drained without salt,vegetables,41.0,4.6,0.7,2.0,4.1,1.9,17,18,16,0.54,24.0,0.06,0.07,0.8,0.0,0.0,42.0,228,130,5.0,85.7,2.9,
254,4086,spider plant leaves steamed without salt,vegetables,38.0,4.2,0.7,1.9,3.8,3.1,17,17,18,0.7,31.0,0.07,0.09,0.9,0.0,0.0,39.0,202,139,9.0,86.9,2.6,
255,4087,spinach leaves boiled drained without salt,vegetables,28.0,2.9,0.4,1.2,4.3,1.8,17,17,15,0.58,15.0,0.02,0.12,0.3,0.0,0.0,10.0,120,210,11.0,89.3,1.9,
256,4088,spinach leaves stewed without salt,vegetables,33.0,3.5,0.4,1.4,5.1,1.9,20,20,25,0.59,27.0,0.03,0.21,0.5,0.0,0.0,13.0,140,250,14.0,87.4,2.2,
257,4089,spinach swiss chard leaves boiled drained without salt,vegetables,26.0,3.3,0.2,0.8,3.8,2.0,18,18,7,0.46,10.0,0.02,0.07,0.4,0.0,0.0,34.0,120,210,12.0,89.8,2.1,
258,4090,spinach swiss chard leaves stewed without salt,vegetables,30.0,3.9,0.3,0.9,4.5,2.1,20,21,10,0.51,18.0,0.03,0.12,0.5,0.0,0.0,40.0,140,250,15.0,88.0,2.5,
259,4091,squash butternut peeled flesh boiled drained without salt,vegetables,48.0,1.6,0.1,8.8,2.8,0.2,18,16,7,0.17,6.0,0.05,0.04,0.7,0.0,0.0,9.0,31,97,11.0,85.7,0.9,
260,4092,squash butternut peeled flesh steamed without salt,vegetables,48.0,1.6,0.1,8.8,2.8,0.2,18,16,9,0.21,7.0,0.06,0.06,0.9,0.0,0.0,9.0,31,97,11.0,85.7,0.9,
261,4093,squash butternut peeled flesh baked without salt,vegetables,51.0,1.7,0.1,9.2,2.9,0.2,19,16,10,0.26,8.0,0.07,0.06,1.0,0.0,0.0,9.0,31,97,11.0,85.1,1.0,
262,4094,stinging nettle leaves boiled drained without salt,vegetables,56.0,5.1,0.7,6.4,2.0,2.1,18,0,21,0.54,20.0,0.02,0.19,0.7,0.0,0.0,21.0,100,210,5.0,81.1,4.7,
263,4095,stinging nettle leaves steamed without salt,vegetables,51.0,4.7,0.6,5.8,1.8,2.0,18,0,23,0.6,20.0,0.03,0.24,0.7,0.0,0.0,20.0,95,200,5.0,82.8,4.3,
264,4096,tomato green boiled drained without salt,vegetables,29.0,1.4,0.3,4.2,2.1,0.6,15,3,6,0.19,14.0,0.07,0.04,0.4,0.0,0.0,10.0,30,200,10.0,91.3,0.8,
265,4097,tomato red ripe boiled drained without salt,vegetables,28.0,1.3,0.3,4.2,1.8,0.4,15,3,5,0.17,21.0,0.04,0.04,0.5,0.0,0.0,10.0,20,210,5.0,91.8,0.7,
266,4098,tomato canned whole contents,vegetables,20.0,1.0,0.1,3.1,1.3,0.6,22,2,14,0.16,0.0,0.05,0.05,0.7,0.0,0.0,11.0,20,204,68.0,94.0,0.5,
267,4099,vine african spinach picked leaves boiled drained without salt,vegetables,30.0,3.6,0.7,0.2,3.9,8.6,267,16,44,0.36,0.0,0.2,0.2,0.8,0.0,0.0,55.0,32,346,50.0,89.9,1.7,
268,5001,apple green skin unpeeled raw,fruits,55.0,0.3,0.1,12.2,2.4,0.4,6,1,3,0.07,4.0,0.02,0.02,0.1,0.0,0.0,4.0,9,92,1.0,85.0,0.2,
269,5002,apple red unpeeled raw,fruits,57.0,0.3,0.1,12.4,2.3,0.3,6,1,3,0.04,3.0,0.02,0.01,0.1,0.0,0.0,4.0,9,100,1.0,84.6,0.25,
270,5003,avocado ripe raw,fruits,160.0,1.9,19.6,6.0,4.1,0.6,19,8,40,0.39,14.0,0.09,0.12,1.4,0.0,0.0,25.0,41,280,4.0,74.0,1.9,
271,5004,banana cavendish raw,fruits,95.0,1.08,0.3,20.6,2.75,0.3,10,2,19,0.36,8.7,0.04,0.05,0.5,0.0,0.0,26.0,37,187,0.0,74.4,0.9,
272,5005,baobab fruit powdery part dry raw,fruits,315.0,2.3,0.4,72.2,6.8,5.0,283,13,20,0.88,24.0,0.37,0.02,2.0,0.0,0.0,56.0,85,1613,5.0,13.1,5.2,
273,5006,custard apple peeled raw,fruits,92.0,1.7,0.7,17.0,5.1,0.4,28,0,7,0.0,30.0,0.09,0.11,0.8,0.0,0.0,38.0,22,278,3.0,75.2,0.8,
274,5007,date dried,fruits,305.0,2.4,0.2,68.7,9.7,2.5,82,2,25,0.6,22.0,0.06,0.07,0.7,0.0,0.0,72.0,72,301,4.0,17.2,1.9,
275,5008,date raw,fruits,152.0,1.6,0.1,35.3,1.8,0.3,34,2,22,0.2,14.0,0.06,0.07,0.7,0.0,0.0,24.0,28,410,7.0,60.2,1.0,
276,5009,doumpalm fruit raw,fruits,280.0,2.8,0.7,58.3,14.8,1.0,73,0,0,0.4,3.4,0.05,0.1,0.0,0.0,0.0,34.0,58,620,4.0,17.6,5.9,
277,5010,grapes green raw,fruits,72.0,0.6,0.1,16.0,2.0,0.3,14,2,2,0.1,4.0,0.03,0.03,0.2,0.0,0.0,7.1,24,171,3.0,80.7,0.6,
278,5011,guava pink fleshed raw,fruits,88.0,1.1,1.1,10.9,15.5,0.2,20,22,61,0.26,222.0,0.06,0.05,1.6,0.0,0.0,18.0,31,340,1.0,80.7,0.8,
279,5012,jackfruit fruit yellow fleshed peeled raw,fruits,95.0,1.4,0.2,20.5,2.8,0.3,35,7,19,0.76,7.0,0.07,0.13,1.9,0.0,0.0,32.0,23,279,2.0,73.2,1.9,
280,5013,lemon juice home squeezed,fruits,18.0,0.6,0.2,9.5,2.5,0.3,20,1,11,0.03,44.0,0.02,0.01,0.2,0.0,0.0,12.0,10,120,2.0,87.0,0.25,
281,5014,lemon peel raw,fruits,53.0,1.5,0.3,5.4,10.6,0.8,134,3,13,0.25,129.0,0.06,0.08,0.4,0.0,0.0,15.0,12,160,6.0,81.6,0.6,
282,5015,lemon pulp raw,fruits,37.0,0.8,0.2,6.7,2.5,0.3,33,1,11,0.1,44.0,0.03,0.02,0.2,0.0,0.0,15.0,16,120,2.0,89.5,0.3,
283,5016,lime juice,fruits,25.0,0.7,0.2,4.3,4.1,0.3,26,2,6,0.08,41.0,0.03,0.02,0.2,0.0,0.0,11.0,20,150,3.0,90.3,0.4,
284,5017,lime pulp raw,fruits,42.0,0.7,0.2,7.4,4.1,0.0,22,3,8,0.1,55.0,0.02,0.03,0.2,0.0,0.0,11.0,20,150,3.0,87.1,0.6,
285,5018,loquat peeled raw,fruits,45.0,0.6,0.2,9.5,4.5,0.5,13,45,14,0.22,4.1,0.02,0.04,0.3,0.0,0.0,13.0,20,180,2.0,84.6,0.7,
286,5019,mango ripe raw,fruits,64.0,0.6,0.3,14.0,1.6,0.2,14,92,54,0.14,35.0,0.03,0.04,0.5,0.0,0.0,9.0,17,186,1.0,83.0,0.5,
287,5020,mango unripe raw,fruits,45.0,0.8,0.1,8.9,3.0,0.4,27,7,26,0.09,88.0,0.02,0.03,0.2,0.0,0.0,18.0,15,147,26.0,86.7,0.6,
288,5021,mulberry raw,fruits,35.0,1.6,0.2,5.6,2.2,1.2,55,1,33,0.2,11.0,0.03,0.07,0.7,0.0,0.0,19.0,40,310,6.0,89.5,0.9,
289,5022,orange juice,fruits,47.0,0.4,0.1,3.6,1.1,0.1,21,3,4,0.08,64.0,0.06,0.02,0.1,0.0,0.0,11.0,20,146,2.0,94.6,0.4,
290,5023,orange pulp raw,fruits,41.0,0.9,0.2,7.5,3.1,0.2,23,5,52,0.05,45.0,0.04,0.03,0.2,0.0,0.0,10.0,13,165,5.0,87.6,0.7,
291,5024,papaya yellow skin peeled raw,fruits,36.0,0.6,0.3,6.8,2.1,0.6,21,85,37,0.2,51.0,0.04,0.03,0.3,0.0,0.0,28.0,17,140,4.0,89.8,0.5,
292,5025,passion fruit dark purple skin raw,fruits,75.0,2.4,0.9,8.7,11.7,0.6,10,64,77,0.8,29.0,0.03,0.14,2.5,0.0,0.0,28.0,68,200,19.0,75.7,0.8,
293,5026,passion fruit juice,fruits,42.0,0.8,0.1,22.9,0.2,0.2,13,45,23,0.3,23.0,0.07,0.01,1.5,0.0,0.0,20.0,25,210,0.0,75.5,0.5,
294,5027,peach yellow fleshed unpeeled raw,fruits,48.0,1.0,0.1,9.9,1.9,0.3,5,13,4,0.11,8.0,0.01,0.03,0.8,0.0,0.0,8.0,20,320,1.0,86.7,0.4,
295,5028,pear unpeeled raw,fruits,48.0,0.4,0.2,9.1,4.0,0.3,8,1,1,0.08,4.0,0.03,0.03,0.1,0.0,0.0,7.0,11,96,1.0,86.0,0.3,
296,5029,pineapple canned in syrup whole contents,fruits,50.0,0.3,0.6,21.2,0.7,0.4,4,1,5,0.2,9.0,0.05,0.0,0.5,0.0,0.0,11.0,3,80,6.0,77.0,0.2,
297,5030,pineapple raw,fruits,41.0,0.48,0.2,8.1,2.3,0.4,16,3,23,0.37,36.4,0.05,0.03,0.1,0.0,0.0,13.0,8,143,1.0,88.6,0.3,
298,5031,plum purple skin raw,fruits,47.0,0.7,0.1,9.9,2.0,0.4,10,6,4,0.1,4.0,0.04,0.06,0.5,0.0,0.0,12.0,15,80,1.0,86.9,0.4,
299,5032,pomegranate raw,fruits,78.0,1.6,0.2,13.3,6.4,0.8,12,4,38,0.4,15.0,0.06,0.06,0.4,0.0,0.0,37.0,24,210,3.0,78.1,0.4,
300,5033,raspberry raw,fruits,54.0,1.4,0.2,8.9,5.6,0.8,27,3,34,0.32,30.0,0.04,0.03,0.3,0.0,0.0,25.0,37,156,1.0,83.2,0.7,
301,5034,strawberry raw,fruits,35.0,0.7,0.2,6.3,2.5,0.6,19,0,39,0.18,49.0,0.03,0.03,0.1,0.0,0.0,8.0,27,158,3.0,90.0,0.4,
302,5035,tangerine juice non commercial,fruits,46.0,0.6,0.2,10.3,0.2,0.2,12,13,21,0.03,37.0,0.04,0.03,0.1,0.0,0.0,11.0,20,178,1.0,88.3,0.4,
303,5036,tangerine pulp raw,fruits,52.0,0.8,0.2,10.8,1.5,0.1,26,1,24,0.11,36.0,0.08,0.05,0.3,0.0,0.0,17.0,17,150,2.0,86.2,0.4,
304,5037,tree tomato dark red skin peeled raw,fruits,43.0,2.1,0.3,4.6,6.5,1.0,56,45,63,0.4,12.6,0.13,0.1,1.6,0.0,0.0,19.0,51,330,20.0,85.6,0.9,
305,5038,watermelon fruit green with white stripes raw,fruits,30.0,0.6,0.3,5.0,0.9,0.2,4,2,16,0.21,11.5,0.03,0.04,0.2,0.0,0.0,10.0,20,88,2.0,92.9,0.3,
306,5039,zambarau peeled raw,fruits,59.0,0.52,0.4,13.5,0.0,0.5,44,0,0,0.42,0.0,0.0,0.0,0.0,0.0,0.0,17.0,17,211,2.0,85.3,0.4,
307,5040,pawpaw ripe raw,Fruits,43.0,0.5,0.1,11.0,1.7,0.1,20,47,37,0.1,62.0,0.03,0.03,0.3,0.04,0.0,21.0,10,182,8.0,88.0,0.5,
308,7001,beef high fat without bones raw,meat_poultry,284.0,18.6,24.1,0.0,0.0,2.2,16,29,1,3.1,0.5,0.18,0.3,3.4,0.0,1.6,12.0,188,134,83.0,58.2,0.9,
309,7002,beef lean raw,meat_poultry,104.0,20.6,2.3,0.4,0.0,2.3,5,6,2,4.2,0.5,0.23,0.2,5.2,0.0,2.4,24.0,279,241,10.0,75.6,1.2,
310,7003,beef liver raw,meat_poultry,120.0,20.0,4.2,0.7,0.0,6.1,61,1953,268,4.1,14.0,0.23,2.3,2.6,0.0,112.0,17.0,369,159,75.0,73.9,1.3,
311,7004,beef medium fat without bones raw,meat_poultry,151.0,19.7,7.2,1.8,0.0,2.4,41,10,22,3.8,0.6,0.21,0.2,4.4,0.0,1.9,24.0,280,231,12.0,70.3,1.0,
312,7005,camel blood raw,meat_poultry,278.0,15.8,0.9,2.7,0.0,20.6,8,7,0,0.65,0.0,0.04,0.05,0.2,0.0,0.0,6.0,33,114,31.0,78.4,2.2,
313,7006,camel meat raw,meat_poultry,197.0,18.6,8.9,10.8,0.0,3.8,43,1,0,1.9,0.0,0.04,0.2,6.0,0.0,1.7,13.0,134,325,49.0,60.5,1.4,
314,7007,cow blood raw,meat_poultry,95.0,13.8,0.9,8.0,0.0,18.8,14,7,0,1.1,0.0,0.08,0.09,0.3,0.0,0.0,5.0,20,199,46.0,76.0,2.4,
315,7008,duck meat and skin fresh raw,meat_poultry,253.0,17.8,21.2,0.0,0.0,1.5,51,3,10,1.5,0.0,0.35,0.45,3.5,0.0,0.6,16.0,167,212,82.0,62.2,1.1,
316,7009,chicken unspecified part without bone meat and skin raw,meat_poultry,207.0,18.7,13.0,3.8,0.0,2.5,13,7,11,0.89,1.2,0.14,0.12,6.4,0.0,0.63,20.0,243,152,68.0,63.6,0.9,
317,7010,egg chicken white albumen raw,meat_poultry,48.0,11.2,0.9,0.9,0.0,0.1,5,0,7,0.0,0.0,0.0,0.4,1.0,0.0,0.7,10.0,10,119,14.0,87.2,0.7,
318,7011,egg chicken whole raw,meat_poultry,134.0,12.7,8.1,2.4,0.0,1.7,54,18,83,1.1,0.0,0.12,0.5,10.0,0.0,1.7,14.0,180,126,15.0,75.9,0.9,
319,7012,egg chicken yolk raw,meat_poultry,331.0,16.1,28.2,3.2,0.0,6.0,130,44,120,2.5,0.0,0.19,0.4,1.2,0.0,4.0,83.0,104,98,45.0,51.0,1.5,
320,7013,goat blood raw,meat_poultry,69.0,3.8,3.9,4.9,0.0,27.2,8,0,0,0.65,0.0,0.0,0.0,0.0,0.0,0.0,6.0,23,169,21.0,86.4,1.1,
321,7014,goat lean raw,meat_poultry,166.0,19.5,4.3,0.6,0.0,7.2,10,7,22,3.6,0.4,0.17,0.23,4.4,0.0,3.0,29.0,276,243,15.0,74.6,1.0,
322,7015,goat liver raw,meat_poultry,115.0,20.2,3.9,0.0,0.0,6.6,12,1570,178,3.4,14.0,0.2,0.37,12.9,0.0,64.0,30.0,308,225,64.0,74.8,1.3,
323,7016,goat medium fat raw,meat_poultry,166.0,18.6,8.6,3.5,0.0,2.2,10,1,2,3.2,0.8,0.16,0.18,3.7,0.0,2.3,23.0,237,198,12.0,68.2,1.0,
324,7017,guinea fowl meat with skin,meat_poultry,112.0,20.5,3.2,0.1,0.0,2.2,31,2,4,1.4,0.0,0.02,0.18,3.6,0.0,0.27,18.0,187,240,58.0,75.2,0.9,
325,7018,lamb liver raw,meat_poultry,161.0,20.4,7.5,3.1,0.0,8.3,10,3140,975,4.2,20.0,0.3,2.2,5.1,0.0,99.0,41.0,332,674,6.0,67.6,1.5,
326,7019,lamb raw unspecified part,meat_poultry,269.0,17.0,22.7,0.0,0.0,1.7,12,0,18,3.3,0.0,0.12,0.23,6.1,0.0,2.3,15.0,150,230,60.0,60.0,1.0,
327,7020,pork meat raw unspecified part,meat_poultry,286.0,18.9,23.5,0.0,0.0,1.1,25,0,4,1.5,0.0,0.63,0.17,3.8,0.0,0.6,13.0,178,253,58.0,57.2,0.7,
328,7021,rabbit meat raw,meat_poultry,151.0,24.4,4.8,2.5,0.0,1.8,12,1,11,1.6,0.0,0.46,0.06,7.5,0.0,5.3,18.0,290,370,53.0,67.0,1.3,
329,7022,sausage beef raw,meat_poultry,238.0,12.0,16.3,9.7,2.2,2.6,42,12,9,3.4,0.0,0.03,0.12,2.6,0.0,1.4,49.0,227,967,93.0,57.5,2.3,
330,7023,sausage frankfurters,meat_poultry,274.0,10.0,25.0,1.6,1.5,1.5,78,9,3,2.3,0.0,0.04,0.08,0.9,0.0,1.1,11.0,150,751,100.0,60.0,1.9,
331,7024,sausage liver raw,meat_poultry,322.0,13.0,28.5,3.4,0.0,6.4,30,831,30,2.3,60.0,0.2,1.6,4.3,0.0,13.4,12.0,230,170,90.0,52.0,3.1,
332,7025,sausage pork raw,meat_poultry,343.0,11.5,32.0,1.7,1.3,1.1,25,2,2,1.7,0.0,0.04,0.12,2.7,0.0,0.6,15.0,160,160,72.0,51.0,2.5,
333,7026,quail flesh and skin raw,meat_poultry,175.0,19.1,11.5,0.0,0.0,2.6,10,4,8,1.5,0.0,0.17,0.39,7.1,0.0,0.8,24.0,243,358,49.0,69.7,1.0,
334,7027,egg chicken whole boiled without salt,meat_poultry,134.0,12.7,8.1,20.0,0.0,1.6,51,177,66,1.07,0.0,0.09,0.4,10.0,0.0,1.0,13.0,171,120,14.0,75.9,0.9,
335,7028,egg chicken whole poached without salt,meat_poultry,152.0,14.4,9.2,30.0,0.0,1.9,58,201,75,1.21,0.0,0.1,0.46,10.0,0.0,2.0,15.0,194,136,16.0,71.0,1.0,
336,7029,egg chicken yolk boiled without salt,meat_poultry,331.0,16.1,28.2,30.0,0.0,5.7,124,427,96,2.38,0.0,0.15,0.32,9.0,0.0,3.0,83.0,78,98,94.0,51.0,1.5,
337,7030,egg chicken white albumin boiled without salt,meat_poultry,48.0,11.2,0.0,10.0,0.0,0.1,5,0,6,0.0,0.0,0.0,0.33,6.0,0.0,0.0,10.0,10,113,13.0,87.2,0.7,
338,7031,beef high fat without bones boiled without salt,meat_poultry,402.0,31.1,30.8,0.0,0.0,3.7,21,37,3,4.69,0.0,0.23,0.2,2.8,0.0,2.0,20.0,203,112,625.0,39.7,1.4,
339,7032,beef high fat without bones grilled without salt and fat,meat_poultry,356.0,25.9,28.0,0.0,0.0,3.5,20,31,3,4.17,0.0,0.22,0.2,3.8,0.0,2.0,23.0,235,158,984.0,47.4,1.2,
340,7033,beef high fat without bones stewed without salt,meat_poultry,455.0,29.1,37.6,0.0,0.0,3.5,21,34,3,4.69,0.0,0.23,0.2,3.2,0.0,2.0,23.0,235,105,584.0,34.7,1.4,
341,7034,beef lean boiled without salt,meat_poultry,209.0,41.9,4.6,0.0,0.0,7.7,7,10,3,8.62,0.0,0.38,0.2,5.3,0.0,3.0,37.0,370,246,99.0,50.3,2.4,
342,7035,beef lean grilled without salt and fat,meat_poultry,142.0,28.5,3.1,0.0,0.0,6.3,6,7,3,5.87,0.0,0.29,0.2,5.8,0.0,2.0,31.0,349,285,127.0,66.2,1.6,
343,7036,beef lean stewed without salt,meat_poultry,194.0,38.8,4.3,0.0,0.0,7.4,7,9,3,7.97,0.0,0.37,0.2,5.9,0.0,2.0,42.0,421,228,91.0,54.0,2.2,
344,7037,beef liver boiled without salt,meat_poultry,178.0,30.2,6.4,0.0,0.0,4.6,71,236,26,6.25,11.0,0.24,3.5,7.1,0.0,115.0,39.0,145,168,56.0,60.4,2.0,
345,7038,beef medium fat without bones boiled without salt,meat_poultry,197.0,32.8,7.4,0.0,0.0,0.7,52,12,3,6.41,0.0,0.27,0.2,3.7,0.0,2.0,24.0,303,192,91.0,55.2,1.7,
346,7039,beef medium fat without bones grilled without salt and fat,meat_poultry,175.0,27.3,7.3,0.0,0.0,5.3,51,10,4,5.34,0.0,0.26,0.2,4.9,0.0,2.0,28.0,350,272,143.0,61.5,1.4,
347,7040,beef medium fat without bones stewed without salt,meat_poultry,224.0,30.7,11.3,0.0,0.0,6.0,51,11,4,6.01,0.0,0.27,0.2,4.2,0.0,2.0,24.0,350,180,85.0,53.6,1.6,
348,7041,chicken unspecified part without bone meat and skin boiled without salt,meat_poultry,226.0,23.7,14.6,0.0,0.0,2.5,14,5,7,1.13,0.0,0.1,0.14,4.9,0.0,0.7,18.0,215,157,73.0,55.7,1.2,
349,7042,chicken unspecified part without bone meat and skin grilled without salt and fat,meat_poultry,228.0,24.0,14.7,0.0,0.0,2.9,15,7,9,1.14,0.0,0.11,0.13,6.6,0.0,0.0,19.0,249,156,70.0,55.2,1.2,
350,7043,goat lean boiled without salt,meat_poultry,174.0,29.1,6.4,0.0,0.0,9.9,12,8,3,5.46,0.0,0.28,0.2,3.8,0.0,3.0,34.0,317,217,137.0,62.0,1.6,
351,7044,goat lean grilled without salt and fat,meat_poultry,169.0,28.3,6.2,0.0,0.0,9.6,14,9,3,5.03,0.0,0.17,0.2,5.2,0.0,3.0,35.0,332,281,189.0,63.1,1.5,
352,7045,goat liver boiled without salt,meat_poultry,176.0,30.5,6.0,0.0,0.0,5.4,14,190,17,5.27,0.0,0.21,0.49,9.8,0.0,75.0,22.0,326,205,58.0,61.9,2.0,
353,7046,goat medium fat boiled without salt,meat_poultry,196.0,27.8,9.4,0.0,0.0,2.7,12,20,3,4.86,0.0,0.13,0.22,3.3,0.0,2.0,25.0,273,177,106.0,65.0,1.5,
354,7047,goat medium fat grilled without salt and fat,meat_poultry,192.0,26.9,9.3,0.0,0.0,2.6,14,21,3,4.48,0.0,0.16,0.23,4.4,0.0,2.0,26.0,286,229,147.0,57.1,1.5,
355,7048,lamb liver boiled without salt,meat_poultry,193.0,30.8,7.8,0.0,0.0,12.0,12,381,87,6.39,0.0,0.32,3.8,7.4,0.0,89.0,22.0,366,296,61.0,54.5,2.3,
356,7049,lamb unspecified part boiled without salt,meat_poultry,344.0,25.4,26.9,0.0,0.0,2.5,14,0,16,4.97,0.0,0.07,0.18,4.6,0.0,2.0,17.0,179,189,54.0,47.2,1.5,
357,7050,lamb unspecified part grilled without salt and fat,meat_poultry,338.0,24.6,26.6,0.0,0.0,2.7,17,0,18,4.83,0.0,0.1,0.29,7.1,0.0,3.0,27.0,185,283,74.0,48.3,1.4,
358,7051,pork meat unspecified part boiled without salt,meat_poultry,374.0,29.1,28.6,0.0,0.0,1.8,30,0,4,2.45,0.0,0.29,0.18,2.9,0.0,1.0,16.0,164,195,40.0,41.8,1.1,
359,7052,pork meat unspecified part grilled without salt and fat,meat_poultry,356.0,27.0,27.6,0.0,0.0,2.3,26,0,5,2.27,0.0,0.63,0.21,4.3,0.0,1.0,18.0,228,307,75.0,44.9,1.0,
360,7053,rabbit meat stewed without salt,meat_poultry,207.0,35.8,7.1,0.0,0.0,1.5,15,12,5,2.35,0.0,0.27,0.05,5.5,0.0,5.0,17.0,341,299,47.0,51.4,2.0,
361,7054,rabbit meat roasted without salt and fat,meat_poultry,160.0,27.7,5.5,0.0,0.0,1.1,13,9,4,1.82,0.0,0.31,0.05,6.0,0.0,4.0,17.0,280,336,51.0,62.4,1.5,
362,7055,sausage beef grilled without salt and fat,meat_poultry,223.0,16.1,17.0,3.0,0.0,1.6,57,15,10,4.55,0.0,0.03,0.13,2.9,0.0,1.0,63.0,562,331,681.0,48.1,2.3,
363,7056,sausage frankfurters boiled without salt,meat_poultry,272.0,10.3,25.3,2.0,0.0,1.5,68,8,2,2.37,0.0,0.03,0.07,0.7,0.0,1.0,11.0,155,668,76.0,59.2,2.0,
364,7057,sausage liver grilled without salt and fat,meat_poultry,369.0,17.3,33.3,0.0,0.0,8.5,40,99,34,3.07,0.0,0.2,2.0,4.9,0.0,18.0,29.0,193,1080,77.0,40.7,4.1,
365,7058,sausage pork boiled without salt,meat_poultry,355.0,12.5,33.6,0.0,0.0,1.1,23,2,5,1.85,0.0,0.03,0.12,2.2,0.0,1.0,16.0,174,148,66.0,48.0,2.7,
366,7059,sausage pork grilled without salt and fat,meat_poultry,419.0,16.0,39.0,0.0,0.0,1.5,34,3,5,2.36,0.0,0.04,0.16,3.2,0.0,1.0,21.0,211,189,90.0,37.4,2.5,
367,8001,cod fillet raw,fish_seafood,73.0,17.0,0.6,0.0,0.0,0.2,15,2,1,0.37,0.5,0.06,0.07,1.8,0.0,1.5,26.0,209,367,79.0,81.6,1.2,
368,8002,dagaa fish omena dried raw,fish_seafood,333.0,59.5,10.6,0.0,0.0,6.9,279,14,46,16.0,0.0,0.34,0.52,18.2,0.0,0.0,98.0,273,800,300.0,11.2,10.0,
369,8003,eel raw,fish_seafood,176.0,17.7,11.7,0.0,0.0,0.6,20,104,15,1.6,0.0,0.2,0.35,3.5,0.0,1.8,21.0,216,272,70.0,69.6,1.4,
370,8004,herring stock raw,fish_seafood,147.0,18.9,4.3,0.0,0.0,1.1,67,3,8,0.8,0.0,0.05,0.23,3.2,0.0,2.2,32.0,250,357,95.0,70.8,2.6,
371,8005,lungfish fillet raw,fish_seafood,73.0,15.9,1.0,0.0,0.0,2.6,18,9,22,1.1,0.2,0.28,0.2,2.2,0.0,1.6,20.0,253,168,91.0,80.5,1.1,
372,8006,mudfish kamongo fillet raw,fish_seafood,102.0,17.8,3.5,0.0,0.0,0.5,23,9,14,1.0,0.0,0.07,0.03,3.0,0.0,3.5,24.0,180,301,41.0,78.3,1.2,
373,8007,mackerel raw,fish_seafood,127.0,18.7,5.9,0.0,0.0,0.9,23,2,3,0.5,1.8,0.1,0.15,2.9,0.0,3.9,33.0,215,395,66.0,76.8,1.3,
374,8008,nile perch dry raw,fish_seafood,388.0,71.8,10.7,1.2,0.0,4.1,51,18,82,5.0,0.0,0.0,0.0,0.0,0.0,8.0,109.0,285,937,62.0,12.2,4.2,
375,8009,nile perch fillet without bones raw,fish_seafood,84.0,19.0,0.9,0.0,0.0,1.0,13,1,7,0.5,0.0,0.04,0.15,3.2,0.0,1.3,29.0,282,222,97.0,77.3,1.2,
376,8010,nile tilapia fillet without skin and bones raw,fish_seafood,92.0,19.7,1.5,0.0,0.0,2.7,10,1,5,0.5,0.0,0.04,0.15,3.2,0.0,1.5,16.0,167,151,64.0,77.6,1.1,
377,8011,prawns flesh raw,fish_seafood,99.0,18.4,1.1,3.9,0.0,1.5,59,16,14,1.4,0.3,0.04,0.08,2.7,0.0,2.1,43.0,246,252,191.0,75.1,1.6,
378,8012,sardine flesh raw,fish_seafood,145.0,19.5,7.4,0.0,0.0,1.3,42,13,23,1.2,0.0,0.01,0.05,0.9,0.0,0.5,36.0,256,364,38.0,71.2,2.1,
379,8013,shark raw,fish_seafood,94.0,21.6,0.8,0.0,0.0,0.4,8,1,3,0.46,0.0,0.03,0.04,2.6,0.0,1.4,32.0,263,372,63.0,74.4,1.1,
380,8014,tuna raw,fish_seafood,118.0,25.0,0.8,0.0,0.0,0.8,5,1,4,0.4,0.0,0.16,0.15,16.3,0.0,4.6,41.0,266,379,50.0,68.9,1.5,
381,8015,cod fillet steamed without salt,fish_seafood,90.0,20.7,0.7,0.0,0.0,0.2,18,2,8,0.45,0.0,0.06,0.06,1.6,0.0,1.5,27.0,217,336,82.0,77.5,1.5,
382,8016,cod fillet grilled without salt and fat,fish_seafood,98.0,22.7,0.8,0.0,0.0,0.3,20,2,10,0.49,0.0,0.07,0.08,2.2,0.0,2.1,31.0,251,416,90.0,75.5,1.6,
383,8017,cod fillet boiled in recipe without salt and fat,fish_seafood,90.0,20.7,0.7,0.0,0.0,0.3,18,2,10,0.45,0.0,0.06,0.08,2.1,0.0,2.0,33.0,255,448,97.0,77.5,1.5,
384,8018,dagaa fish omena dried stewed without salt,fish_seafood,152.0,27.0,4.8,0.0,0.0,3.1,127,5,18,7.3,0.0,0.13,0.24,7.9,0.0,24.0,44.0,124,364,13.0,59.6,4.5,
385,8019,eel steamed without salt,fish_seafood,199.0,21.3,12.6,0.0,0.0,0.6,24,8,13,1.9,0.0,0.18,0.3,3.3,0.0,2.0,20.0,221,246,72.0,64.8,1.7,
386,8020,eel grilled without salt and fat,fish_seafood,210.0,23.0,13.1,0.0,0.0,0.7,26,10,16,2.1,0.0,0.23,0.4,4.1,0.0,2.0,23.0,252,300,78.0,62.6,1.8,
387,8021,eel boiled in recipe without salt and fat,fish_seafood,212.0,21.3,14.0,0.0,0.0,0.7,24,11,15,1.9,0.0,0.2,0.42,4.0,0.0,2.0,24.0,260,328,85.0,63.4,1.7,
388,8022,herring stock steamed without salt,fish_seafood,137.0,22.7,5.2,0.0,0.0,1.1,80,3,7,0.97,0.0,0.05,0.19,2.7,0.0,1.2,33.0,256,322,97.0,64.9,3.1,
389,8023,herring stock grilled without salt,fish_seafood,148.0,24.5,5.6,0.0,0.0,1.3,87,3,8,1.05,0.0,0.06,0.27,3.6,0.0,1.4,37.0,292,394,105.0,62.1,3.4,
390,8024,herring stock boiled in recipe without salt and fat,fish_seafood,137.0,22.7,5.2,0.0,0.0,1.4,80,3,8,0.97,0.0,0.06,0.28,3.6,0.0,1.3,39.0,301,430,114.0,64.9,3.1,
391,8025,lungfish fillet steamed without salt,fish_seafood,88.0,19.1,1.2,0.0,0.0,2.5,21,1,22,1.34,0.0,0.24,0.2,2.2,0.0,2.0,25.0,259,152,93.0,76.5,1.3,
392,8026,lungfish fillet grilled without salt and fat,fish_seafood,94.0,20.6,1.3,0.0,0.0,2.9,23,1,22,1.45,0.0,0.3,0.2,2.5,0.0,2.0,29.0,296,185,100.0,74.7,1.4,
393,8027,lungfish fillet boiled in recipe without salt and fat,fish_seafood,88.0,19.1,1.2,0.0,0.0,3.2,21,1,22,1.34,0.0,0.3,0.2,2.2,0.0,2.0,30.0,305,202,109.0,76.5,1.3,
394,8028,mudfish kamongo fillet steamed without salt,fish_seafood,123.0,21.5,4.2,0.0,0.0,0.5,28,1,11,1.29,0.0,0.06,0.03,2.6,0.0,3.0,24.0,184,272,42.0,73.8,1.4,
395,8029,mudfish kamongo fillet grilled without salt and fat,fish_seafood,133.0,23.2,4.5,0.0,0.0,0.6,30,1,14,1.39,0.0,0.08,0.04,3.5,0.0,4.0,28.0,210,333,45.0,71.8,1.5,
396,8030,mudfish kamongo fillet boiled in recipe without salt and fat,fish_seafood,123.0,21.5,4.2,0.0,0.0,0.7,28,1,14,1.29,0.0,0.07,0.04,3.5,0.0,4.0,29.0,217,363,49.0,73.8,1.4,
397,8031,prawns fresh steamed without salt,fish_seafood,119.0,22.2,1.3,5.0,0.0,1.4,71,1,11,1.72,0.0,0.03,0.07,2.2,0.0,2.0,44.0,252,228,196.0,69.9,1.9,
398,8032,prawns fresh grilled without salt and fat,fish_seafood,115.0,21.4,1.3,4.0,0.0,1.7,69,1,13,1.66,0.0,0.04,0.1,2.9,0.0,2.0,50.0,286,293,223.0,71.0,1.9,
399,8033,prawns fresh boiled in recipe without salt and fat,fish_seafood,119.0,22.2,1.3,5.0,0.0,1.7,71,1,13,1.72,0.0,0.04,0.09,2.9,0.0,2.0,47.0,267,258,196.0,69.9,1.9,
400,8034,sardine fresh steamed without salt,fish_seafood,159.0,23.0,7.4,0.0,0.0,1.2,50,1,11,1.45,0.0,0.01,0.06,0.7,0.0,0.5,36.0,256,321,38.0,67.4,2.5,
401,8035,sardine fresh grilled without salt and fat,fish_seafood,175.0,26.8,7.5,0.0,0.0,1.5,58,1,12,1.68,0.0,0.01,0.06,1.2,0.0,0.6,44.0,316,423,45.0,63.2,2.9,
402,8036,sardine fresh boiled in recipe without salt and fat,fish_seafood,170.0,23.0,8.7,0.0,0.0,1.6,50,1,13,1.45,0.0,0.01,0.06,1.2,0.0,0.5,42.0,301,428,45.0,66.2,2.5,
403,8037,shark steamed without salt,fish_seafood,113.0,26.0,1.0,0.0,0.0,0.4,10,1,3,0.55,0.0,0.03,0.03,2.3,0.0,1.5,26.0,336,336,65.0,69.2,1.4,
404,8038,shark grilled without salt and fat,fish_seafood,122.0,28.1,1.1,0.0,0.0,0.4,11,1,3,0.63,0.0,0.04,0.05,3.1,0.0,1.6,38.0,411,700,61.0,66.8,1.5,
405,8039,shark boiled in recipe without salt and fat,fish_seafood,113.0,26.0,1.0,0.0,0.0,0.5,10,1,3,0.55,0.0,0.03,0.05,3.1,0.0,1.5,39.0,316,448,77.0,69.2,1.4,
406,8040,tuna steamed without salt,fish_seafood,148.0,31.2,2.5,0.0,0.0,0.8,7,2,5,0.57,0.0,0.15,0.13,14.3,0.0,5.0,44.0,283,355,53.0,61.1,1.8,
407,8041,tuna grilled without salt and fat,fish_seafood,160.0,33.8,2.7,0.0,0.0,1.5,15,2,6,0.62,0.0,0.2,0.18,19.9,0.0,6.0,43.0,243,355,57.0,57.9,2.0,
408,8042,tuna boiled in recipe without salt and fat,fish_seafood,148.0,31.2,2.5,0.0,0.0,1.5,7,2,5,0.57,0.0,0.17,0.18,19.4,0.0,5.0,33.0,347,463,92.0,61.1,1.8,
409,7010,egg chicken white albumen raw,eggs,48.0,11.2,0.9,0.9,0.0,0.1,5,0,7,0.0,0.0,0.0,0.4,1.0,0.0,0.7,10.0,10,119,14.0,87.2,0.7,
410,7011,egg chicken whole raw,eggs,134.0,12.7,8.1,2.4,0.0,1.7,54,186,83,1.1,0.0,0.12,0.5,10.0,0.0,1.7,14.0,180,126,15.0,75.9,0.9,
411,7012,egg chicken yolk raw,eggs,331.0,16.1,28.2,3.2,0.0,6.0,130,449,120,2.5,0.0,0.19,0.4,1.2,0.0,4.0,83.0,104,98,45.0,51.0,1.5,
412,7027,egg chicken whole boiled without salt,eggs,134.0,12.7,8.1,20.0,0.0,1.6,51,177,66,1.07,0.0,0.09,0.4,10.0,0.0,1.0,13.0,171,120,14.0,75.9,0.9,
413,7028,egg chicken whole poached without salt,eggs,152.0,14.4,9.2,30.0,0.0,1.9,58,201,75,1.21,0.0,0.1,0.46,10.0,0.0,2.0,15.0,194,136,16.0,71.0,1.0,
414,7029,egg chicken yolk boiled without salt,eggs,331.0,16.1,28.2,30.0,0.0,5.7,124,427,96,2.38,0.0,0.15,0.32,9.0,0.0,3.0,83.0,78,98,94.0,51.0,1.5,
415,7030,egg chicken white albumin boiled without salt,eggs,48.0,11.2,0.0,10.0,0.0,0.1,5,0,6,0.0,0.0,0.0,0.33,6.0,0.0,0.0,10.0,10,113,13.0,87.2,0.7,
416,6001,butter cow milk no added salt 80-84 percent fat,milk_dairy,735.0,1.1,81.3,0.0,0.0,0.2,15,84,0,0.06,0.0,0.05,0.05,1.1,0.0,0.05,2.0,20,15,10.0,17.2,0.7,
417,6002,butter cow milk salted 80 percent fat,milk_dairy,739.0,1.1,81.3,0.6,0.0,0.1,17,84,0,0.06,0.0,0.05,0.05,1.1,0.0,0.05,2.0,16,23,77.0,15.3,1.7,
418,6003,cheese cheddar regular fat,milk_dairy,401.0,26.3,32.8,0.4,0.0,0.3,800,16,5,3.5,0.0,0.04,0.5,1.5,0.0,1.9,27.0,478,73,600.0,37.0,3.8,
419,6004,cheese cottage cow milk plain skimmed,milk_dairy,91.0,13.3,2.5,3.8,0.0,0.1,60,3,3,0.24,0.0,0.05,0.2,0.5,0.0,0.6,8.0,143,123,450.0,79.0,1.5,
420,6005,cheese cottage cow milk plain whole,milk_dairy,121.0,15.4,5.4,2.1,0.0,0.1,60,3,3,0.24,0.0,0.05,0.2,0.5,0.0,0.6,8.0,143,123,450.0,75.4,1.4,
421,6006,cheese cottage milk cow sour,milk_dairy,122.0,13.7,4.3,7.2,0.0,0.1,65,3,1,0.22,0.0,0.03,0.27,0.1,0.0,0.4,5.0,59,64,22.0,73.6,1.2,
422,6007,cream pure 35 percent fat,milk_dairy,229.0,2.2,23.6,1.7,0.0,0.1,17,17,64,0.2,0.0,0.03,0.12,0.0,0.0,0.2,4.0,30,110,20.0,72.4,0.3,
423,6008,ghee cow milk,milk_dairy,898.0,0.3,99.9,0.0,0.0,0.0,0,90,0,0.0,0.0,0.0,0.0,0.0,0.0,0.0,0.0,0,0,0.0,0.0,0.5,
424,6009,ice cream caramel flavour regular fat,milk_dairy,205.0,3.7,10.6,23.6,0.0,0.2,100,16,10,0.1,0.0,0.29,0.2,0.7,0.0,0.1,14.0,100,180,60.0,61.4,0.7,
425,6010,ice cream chocolate flavour regular fat,milk_dairy,226.0,4.4,12.0,24.2,2.0,0.7,100,14,16,0.2,0.7,0.19,0.21,0.6,0.0,0.2,14.0,110,200,60.0,56.4,1.0,
426,6011,ice cream strawberry flavour regular fat,milk_dairy,201.0,3.5,9.5,25.2,0.5,0.2,100,13,11,0.2,0.0,0.02,0.27,0.4,0.0,0.2,14.0,110,190,60.0,60.7,0.7,
427,6012,ice cream vanilla flavour regular fat,milk_dairy,199.0,3.9,10.6,22.2,0.0,0.2,100,16,10,0.1,0.0,0.25,0.2,0.7,0.0,0.1,14.0,100,180,60.0,62.7,0.7,
428,6013,ice cream vanilla flavour with nuts regular fat,milk_dairy,219.0,4.0,12.2,23.3,0.2,0.2,100,16,11,0.1,0.0,0.29,0.2,0.7,0.0,0.1,14.0,110,190,60.0,59.6,0.7,
429,6014,milk camel whole fresh raw,milk_dairy,52.0,2.2,2.8,4.5,0.0,1.5,56,1,8,0.35,0.0,0.61,0.08,0.8,0.0,0.6,16.0,92,344,119.0,89.8,0.7,
430,6015,milk cow condensed skimmed sweetened raw,milk_dairy,284.0,9.9,0.2,60.7,0.0,0.3,358,0,30,1.05,0.0,0.1,0.6,0.3,0.0,0.4,30.0,300,446,125.0,27.0,2.2,
431,6016,milk cow condensed whole sweetened raw,milk_dairy,335.0,8.3,9.2,54.8,0.0,0.2,280,7,30,0.9,0.0,0.1,0.5,0.3,0.0,0.4,25.0,255,357,130.0,25.8,1.9,
432,6017,milk cow powder skimmed,milk_dairy,361.0,37.2,0.9,51.0,0.0,0.4,1290,5,45,3.8,0.0,0.45,1.6,0.9,0.0,4.0,115.0,1000,1602,550.0,4.1,6.8,
433,6018,milk cow powder whole,milk_dairy,495.0,26.1,26.4,38.4,0.0,0.5,975,39,45,2.9,0.0,0.34,1.3,0.8,0.0,4.5,85.0,730,1157,440.0,3.2,6.0,
434,6019,milk cow skimmed raw,milk_dairy,38.0,3.5,0.1,5.8,0.0,0.1,130,0,6,0.32,1.0,0.03,0.18,0.1,0.0,0.4,12.0,109,170,44.0,89.8,0.8,
435,6020,milk cow whole fermented lala industrial,milk_dairy,65.0,2.8,4.1,4.1,0.0,0.1,100,3,0,0.34,0.0,0.2,0.0,0.2,0.0,0.0,10.0,138,126,36.0,88.3,0.7,
436,6021,milk cow whole fermented lala mursik,milk_dairy,58.0,3.1,3.5,3.6,0.0,0.1,65,4,0,0.22,0.0,0.27,0.0,0.0,0.0,0.0,5.0,59,64,22.0,89.1,0.8,
437,6022,milk cow whole fresh raw,milk_dairy,70.0,3.3,3.5,6.1,0.0,0.1,119,4,8,0.63,0.0,0.27,0.08,0.8,0.0,0.5,11.0,122,136,39.0,86.3,0.7,
438,6023,milk goat fluid whole raw,milk_dairy,78.0,3.5,4.5,5.8,0.0,0.1,180,3,5,0.35,0.5,0.05,0.19,0.5,0.0,0.3,12.0,128,207,57.0,85.3,0.9,
439,6024,milk human breast mature fluid,milk_dairy,73.0,1.2,4.4,7.1,0.0,0.1,32,6,5,0.17,4.0,0.02,0.03,0.2,0.0,0.05,3.0,15,51,14.0,87.2,0.2,
440,6025,milk sheep fluid whole raw,milk_dairy,94.0,5.1,5.8,5.2,0.0,0.1,193,8,7,0.54,0.0,0.07,0.36,0.4,0.0,0.7,18.0,142,175,44.0,82.8,1.1,
441,6026,yoghurt cow milk whole plain,milk_dairy,85.0,3.0,3.1,11.3,0.0,0.2,149,3,0,0.34,0.0,0.1,0.2,0.1,0.0,0.2,9.0,93,130,32.0,82.9,0.7,
442,6027,milk camel whole fresh boiled,milk_dairy,62.0,2.6,3.3,5.3,0.0,1.7,66,1,10,0.41,0.0,0.65,0.09,0.8,0.0,0.6,18.0,108,404,140.0,88.0,0.8,
443,6028,milk cow skimmed boiled,milk_dairy,45.0,4.1,0.1,6.8,0.0,0.1,153,0,6,0.38,1.0,0.03,0.2,0.1,0.0,0.4,14.0,128,200,52.0,88.0,0.9,
444,6029,milk cow whole fresh boiled,milk_dairy,82.0,3.9,4.2,7.2,0.0,0.1,140,4,8,0.74,0.0,0.3,0.08,0.8,0.0,0.5,13.0,143,160,45.0,83.8,0.9,
445,6030,milk goat fluid whole boiled,milk_dairy,92.0,4.1,5.3,6.8,0.0,0.1,21,3,5,0.41,0.0,0.05,0.21,0.5,0.0,0.3,14.0,150,243,68.0,82.7,1.1,
446,6031,milk sheep fluid whole boiled,milk_dairy,110.0,6.8,6.2,6.2,0.0,0.1,22,9,7,0.64,0.0,0.07,0.4,0.4,0.0,0.7,16.0,166,206,52.0,79.8,1.2,
447,9001,animal fat lard,fats_oils,890.0,0.0,99.9,0.0,0.0,0.0,1,0,0,0.0,0.0,0.0,0.0,0.0,0.0,0.0,0.0,2,3,1.0,0.0,0.3,
448,9002,corn oil,fats_oils,900.0,0.0,99.9,0.1,0.0,0.0,0,6,0,0.0,0.0,0.0,0.0,0.0,0.0,0.0,0.0,0,0,0.0,0.0,0.0,
449,9003,fish liver oil,fats_oils,900.0,0.0,100.0,0.0,0.0,0.0,0,3000,0,0.0,0.0,0.0,0.0,0.0,0.0,0.0,0.0,0,0,0.0,0.0,0.0,
450,9004,margarine 20 percent fat,fats_oils,177.0,0.8,19.5,0.4,0.0,0.0,0,819,0,0.0,0.0,0.0,0.0,0.0,0.0,0.0,1.0,14,25,733.0,78.8,1.3,
451,9005,margarine 60 percent fat,fats_oils,541.0,0.3,59.8,0.5,0.0,0.0,21,819,0,0.0,0.0,0.01,0.03,0.1,0.0,0.0,2.0,16,30,700.0,37.7,1.7,
452,9006,margarine 80 percent fat,fats_oils,748.0,0.1,83.0,0.0,0.0,0.0,10,819,0,0.0,0.0,0.0,0.0,0.0,0.0,0.0,2.0,10,5,300.0,15.0,1.9,
453,9007,mustard seed oil,fats_oils,900.0,0.0,100.0,0.0,0.0,0.0,0,0,1,0.0,0.0,0.0,0.0,0.0,0.0,0.0,0.0,0,0,0.0,0.0,0.0,
454,9008,olive oil,fats_oils,900.0,0.0,100.0,0.0,0.0,0.0,0,1,1,0.01,0.0,0.0,0.0,0.0,0.0,0.0,0.0,1,0,0.0,0.0,0.0,
455,9009,peanut oil,fats_oils,900.0,0.0,100.0,0.0,0.0,0.1,0,0,1,0.1,0.0,0.0,0.0,0.0,0.0,0.0,1.0,3,0,0.0,0.0,0.0,
456,9010,red palm oil,fats_oils,891.0,0.0,99.9,0.0,0.0,0.0,6,549,0,0.0,0.0,0.01,0.02,0.0,0.0,0.0,0.0,7,0,0.0,1.0,0.1,
457,9011,shortening commercial vegetable fat,fats_oils,900.0,0.1,100.0,0.0,0.0,0.0,1,0,0,0.02,0.0,0.0,0.0,0.1,0.0,0.0,0.0,0,1,1.0,0.0,0.0,
458,9012,soya bean oil,fats_oils,900.0,0.0,100.0,0.0,0.0,0.0,0,33,0,0.0,0.0,0.0,0.0,0.0,0.0,0.0,0.0,0,0,0.0,0.0,0.0,
459,9013,sun flower oil,fats_oils,900.0,0.0,100.0,0.0,0.0,0.0,0,0,1,0.01,0.0,0.0,0.0,0.0,0.0,0.0,0.0,0,0,0.0,0.0,0.0,
460,12001,beef broth,beverages,6.0,0.9,0.3,0.0,0.0,0.5,40,1,0,0.03,0.0,0.01,0.03,0.4,0.0,0.2,5.0,61,44,266.0,98.1,0.7,
461,12002,coconut fresh water,beverages,23.0,0.8,0.1,4.8,0.0,0.2,24,0,14,0.13,2.5,0.01,0.05,0.1,0.0,0.0,11.0,14,130,5.0,93.9,0.4,
462,12003,coffee instant dry powder or granules,beverages,311.0,16.1,0.5,42.0,20.9,3.9,145,0,0,0.7,2.0,0.0,14.0,29.0,0.0,0.0,32.0,350,3600,83.0,3.1,9.9,
463,12004,drinking chocolate powder,beverages,541.0,4.4,30.9,60.4,2.1,2.0,60,6,6,1.5,0.0,0.03,0.15,0.5,0.0,0.0,98.0,128,1120,91.0,11.0,1.4,
464,12005,tea chai instant dry powder,beverages,299.0,20.2,0.0,50.2,8.5,2.3,118,0,103,1.7,0.0,0.99,10.8,10.3,0.0,0.0,272.0,239,6040,72.0,5.1,16.0,
465,12006,water tap,beverages,0.0,0.0,0.0,0.0,0.0,0.0,3,0,0,0.0,0.0,0.0,0.0,0.0,0.0,0.0,1.0,1,3,0.0,99.95,0.05,
466,12007,wine red,beverages,74.0,0.2,0.0,1.8,0.0,0.3,8,0,0,0.07,0.0,0.0,0.0,0.3,0.0,0.0,11.0,16,89,8.0,88.4,0.3,
467,12008,wine white dry,beverages,76.0,0.1,0.0,0.7,0.0,0.5,8,0,0,0.08,2.0,0.0,0.0,0.0,0.0,0.0,12.0,5,41,4.0,88.7,0.2,
468,12009,wine white sweet,beverages,94.0,0.2,0.0,5.4,0.0,0.6,10,0,0,0.08,1.5,0.0,0.0,0.0,0.0,0.0,16.0,8,51,11.0,84.0,0.2,
469,11001,honey raw,sugars,322.0,0.4,0.0,80.1,0.0,0.4,11,0,0,0.0,0.0,0.0,0.0,0.0,0.0,0.0,3.0,4,74,17.0,19.2,0.3,
470,11002,sugarcane juice raw,sugars,37.0,0.1,0.2,8.5,0.6,1.1,10,1,45,0.14,6.7,0.34,0.03,0.04,0.0,0.0,13.0,22,150,1.0,90.2,0.4,
471,11003,sugar white granulated or lump,sugars,400.0,0.0,0.0,100.0,0.0,0.0,0,0,0,0.0,0.0,0.0,0.0,0.0,0.0,0.0,0.0,0,0,0.0,0.0,0.0,
472,13001,anise seed,spices,384.0,14.9,15.9,38.1,14.6,37.0,648,16,10,5.3,21.0,0.34,0.29,3.1,0.0,0.0,170.0,440,1440,165.0,9.5,7.0,
473,13002,baking powder dry powder,spices,179.0,0.1,0.2,43.9,0.8,34.7,428,0,0,0.89,0.0,0.0,0.0,0.0,0.0,0.0,9.0,1010,10100,2008.0,4.9,50.2,
474,13003,baking soda bicarbonate dry powder,spices,0.0,0.0,0.0,0.0,0.0,0.0,0,0,0,0.0,0.0,0.0,0.0,0.0,0.0,0.0,0.0,0,0,2736.0,0.3,36.9,
475,13004,bay leaf dried,spices,353.0,7.6,8.4,48.7,26.3,43.0,832,30,180,3.7,46.5,0.01,0.42,2.0,0.0,0.0,120.0,113,530,23.0,5.4,3.6,
476,13005,cardamom seeds ground,spices,322.0,8.5,6.7,42.4,28.0,15.0,383,0,4,7.4,21.0,0.21,0.18,1.1,0.0,0.0,152.0,151,1120,18.0,8.3,5.5,
477,13006,chilli fresh raw,spices,45.0,1.2,0.4,6.9,4.8,1.5,15,45,23,0.27,94.0,0.09,0.11,0.9,0.0,0.0,30.0,51,320,3.0,85.7,1.2,
478,13007,chilli dried,spices,309.0,13.9,9.9,25.5,31.2,6.5,14,195,52,1.6,31.4,0.95,0.43,6.9,0.0,0.0,175.0,274,2250,19.0,12.6,7.0,
479,13008,cinnamon dried ground,spices,244.0,2.8,2.6,26.3,52.3,38.3,118,3,28,2.0,27.9,0.02,0.07,1.3,0.0,0.0,55.0,21,482,17.0,13.1,2.9,
480,13009,cloves dry raw,spices,251.0,6.0,10.4,16.0,34.5,14.2,536,6,20,1.1,0.0,0.08,0.13,1.2,0.0,0.0,252.0,86,877,18.0,27.6,5.4,
481,13010,coconut milk,spices,140.0,2.4,14.3,1.8,0.3,0.5,50,0,14,0.26,0.9,0.02,0.01,0.4,0.0,0.0,43.0,131,119,20.0,82.4,0.3,
482,13011,coriander leaves fresh raw,spices,57.0,3.3,0.7,7.7,3.5,6.6,115,31,62,0.54,35.9,0.3,0.1,0.9,0.0,0.0,45.0,78,440,40.0,81.9,2.9,
483,13012,coriander seed dried ground,spices,347.0,13.4,18.8,10.1,41.7,20.1,613,10,86,3.6,29.0,0.22,0.35,3.4,0.0,0.0,245.0,347,1189,27.0,10.7,5.3,
484,13013,cumin seeds dried raw,spices,432.0,13.7,25.8,26.1,20.4,38.4,854,44,90,4.0,15.0,0.55,0.19,3.2,0.0,0.0,330.0,308,1213,124.0,8.7,5.3,
485,13014,curry leaves fresh raw,spices,66.0,7.7,1.3,2.5,16.8,6.9,740,64,94,1.1,7.0,0.08,0.17,1.6,0.0,0.0,20.0,57,584,19.0,65.3,4.9,
486,13015,curry powder,spices,344.0,10.8,13.8,30.6,27.2,34.3,479,80,56,4.08,11.0,0.25,0.28,3.5,0.0,0.0,330.0,117,2852,524.0,10.0,7.6,
487,13016,fenugreek leaves fresh raw,spices,58.0,4.4,0.2,2.2,4.9,7.1,185,60,75,0.54,80.0,0.12,0.26,1.2,0.0,0.0,48.0,66,896,0.0,87.3,1.0,
488,13017,fenugreek seeds raw,spices,309.0,21.4,6.4,23.4,36.1,14.1,160,8,57,2.9,3.0,0.34,0.29,1.5,0.0,0.0,183.0,370,530,48.0,9.8,3.0,
489,13018,garam masala,spices,368.0,15.6,15.1,31.0,22.6,32.6,760,28,0,3.8,0.0,0.35,0.33,2.5,0.0,0.0,330.0,390,1450,97.0,10.1,5.6,
490,13019,garlic peeled or unpeeled fresh raw,spices,152.0,6.3,0.2,22.7,5.2,1.3,30,0,0,1.0,11.0,0.23,0.4,0.8,0.0,0.0,25.0,39,108,11.0,62.6,1.0,
491,13020,ginger dried ground,spices,332.0,6.9,4.5,59.4,12.9,24.3,152,80,88,3.7,29.0,0.16,0.27,3.5,0.0,0.0,335.0,312,1225,50.0,9.9,6.3,
492,13021,green ginger mature fresh raw,spices,73.0,2.6,1.1,13.4,7.7,1.9,46,3,30,0.8,8.0,0.03,0.06,2.5,0.0,0.0,38.0,93,118,1.0,73.6,1.7,
493,13022,mint leaves fresh raw,spices,48.0,4.8,1.1,0.1,7.2,3.6,200,62,114,0.8,26.0,0.15,0.09,1.7,0.0,0.0,60.0,80,280,8.0,84.9,1.9,
494,13023,onion mature red skinned peeled fresh raw,spices,42.0,1.5,0.1,7.6,2.3,0.9,26,1,14,0.16,7.0,0.02,0.04,0.3,0.0,0.0,19.0,40,152,5.0,87.9,0.6,
495,13024,onion spring raw,spices,30.0,1.8,0.3,4.1,2.3,1.4,44,5,48,0.3,26.0,0.04,0.06,0.4,0.0,0.0,14.0,34,251,12.0,90.8,0.7,
496,13025,parsley fresh raw,spices,52.0,5.9,0.2,4.2,5.1,5.0,390,35,55,0.88,119.0,0.15,0.04,1.1,0.0,0.0,51.0,75,1290,54.0,81.4,3.2,
497,13026,pepper ground black dry raw,spices,297.0,10.3,2.7,44.7,26.3,19.4,463,14,10,1.2,0.0,0.09,0.14,0.7,0.0,0.0,185.0,188,576,12.0,11.8,4.3,
498,13027,salt iodized,spices,0.0,0.0,0.0,0.0,0.0,0.0,32,0,0,0.1,0.0,0.0,0.0,0.0,0.0,0.0,16.0,9,38,385.0,0.2,99.8,
499,13028,spice mixed or all spice,spices,360.0,9.4,16.3,26.3,35.8,35.5,727,55,52,3.6,30.0,0.25,0.45,4.9,0.0,0.0,203.0,277,1440,90.0,8.5,3.8,
500,13029,tamarind fruit dry raw,spices,298.0,5.0,0.6,65.4,5.3,9.0,166,0,10,1.5,0.6,0.0,0.0,0.1,0.0,0.0,83.0,190,836,25.0,21.3,2.4,
501,13030,tamarind fruit fresh raw,spices,298.0,2.0,0.2,69.5,5.3,9.2,105,0,10,0.5,3.6,0.34,0.07,1.6,0.0,0.0,83.0,105,836,25.0,20.8,2.2,
502,13031,tomato sauce ketchup,spices,115.0,1.6,0.2,26.1,1.5,0.7,13,2,16,0.18,0.0,0.0,0.1,1.3,0.0,0.0,16.0,28,316,918.0,67.5,3.4,
503,13032,tomato paste with added salt,spices,78.0,3.2,0.3,13.6,4.1,1.7,30,11,17,0.5,15.0,0.13,0.13,2.8,0.0,0.0,43.0,71,1163,300.0,76.2,3.0,
504,13033,tomato soup condensed canned,spices,54.0,1.3,0.3,10.8,1.9,0.4,10,1,33,0.3,4.0,0.3,0.3,1.3,0.0,0.0,12.0,21,290,540.0,84.0,2.3,
505,13034,turmeric dried ground,spices,300.0,6.3,3.1,51.7,20.0,39.0,500,80,85,3.6,30.0,0.26,0.23,3.4,0.0,0.0,225.0,284,1250,25.0,13.7,5.2,
506,13035,yeast dry powder,spices,347.0,35.7,4.9,30.5,19.3,3.4,120,0,400,8.0,0.0,2.8,2.8,40.0,0.0,0.0,230.0,1690,2000,50.0,7.9,6.6,
507,15001,uji wa mahindi maize porridge,mixed_dishes,52.0,1.5,1.1,8.5,1.1,0.3,25,7,7,0.33,0.0,0.02,0.05,0.2,0.0,0.0,12.0,64,50,10.0,87.5,0.3,
508,15002,sorghum finger millet and maize porridge,mixed_dishes,44.0,1.3,0.9,6.3,1.3,0.5,33,7,5,0.27,0.0,0.02,0.05,0.3,0.0,0.0,14.0,47,57,10.0,89.8,0.4,
509,15003,kaimati fried dumplings,mixed_dishes,429.0,4.6,21.8,52.8,1.6,2.1,17,30,20,0.4,0.0,0.33,0.25,2.0,0.0,0.0,16.0,93,81,40.0,18.8,0.4,
510,15004,mahamri swahili doughnuts,mixed_dishes,413.0,6.0,22.1,46.6,2.1,2.8,20,41,60,0.5,0.1,0.43,0.3,2.7,0.0,0.0,13.0,113,101,40.0,22.8,0.4,
511,15005,whole maize flour ugali,mixed_dishes,141.0,3.3,1.8,26.0,3.8,1.1,12,0,20,0.77,0.0,0.08,0.04,0.8,0.0,0.0,31.0,150,93,7.0,64.5,0.5,
512,15006,maize and finger millet flour ugali,mixed_dishes,133.0,3.1,1.3,24.0,6.6,2.9,79,0,24,0.73,0.0,0.07,0.02,1.2,0.0,0.0,48.0,112,158,6.0,64.0,1.0,
513,15007,maize red sorghum and finger millet ugali,mixed_dishes,129.0,3.1,1.4,23.3,5.3,1.9,39,0,20,0.72,0.0,0.07,0.03,1.0,0.0,0.0,44.0,118,131,6.0,66.2,0.8,
514,15008,cassava and red sorghum ugali,mixed_dishes,116.0,2.1,0.8,23.4,3.4,0.9,24,0,14,0.5,0.5,0.05,0.04,0.7,0.0,0.0,38.0,74,163,9.0,69.6,0.7,
515,15009,refined maize flour ugali,mixed_dishes,148.0,3.4,1.9,27.3,4.0,1.1,12,0,21,0.81,0.0,0.09,0.04,0.8,0.0,0.0,33.0,158,97,8.0,62.8,0.6,
516,15010,sorghum maize flour and finger millet ugali,mixed_dishes,150.0,1.9,0.7,32.1,3.6,1.3,26,0,11,0.44,0.0,0.04,0.02,0.7,0.0,0.0,33.0,61,92,5.0,61.0,0.7,
517,15011,cassava flour ugali,mixed_dishes,186.0,1.1,0.3,43.7,2.2,0.8,79,1,18,0.41,1.8,0.03,0.05,0.6,0.0,0.0,26.0,57,326,20.0,51.6,1.3,
518,15012,cassava millet and sorghum porridge,mixed_dishes,46.0,0.5,0.1,10.2,1.0,0.4,18,0,4,0.12,0.1,0.01,0.01,0.4,0.0,0.0,10.0,15,47,6.0,87.9,0.3,
519,15013,cassava porridge uji wa muhogo,mixed_dishes,12.0,0.1,0.0,6.8,0.3,0.1,12,0,2,0.05,0.2,0.0,0.01,0.1,0.0,0.0,4.0,7,39,5.0,92.6,0.2,
520,15014,finger millet porridge uji wa wimbi,mixed_dishes,40.0,0.7,0.2,7.8,2.1,1.1,35,0,6,0.16,0.0,0.01,0.0,0.4,0.0,0.0,16.0,17,52,4.0,88.8,0.4,
521,15015,bulrush millet porridge uji wa mawele,mixed_dishes,83.0,1.0,1.0,15.7,1.6,7.0,96,0,21,0.77,0.4,0.04,0.03,0.3,0.0,0.0,49.0,55,495,7.0,79.2,0.6,
522,15016,rice flour porridge uji wa mchele,mixed_dishes,56.0,0.6,1.3,10.2,0.2,0.1,4,0,1,0.11,0.1,0.01,0.0,0.2,0.0,0.0,5.0,17,26,5.0,87.5,0.1,
523,15017,omena stew silver sardine stew,mixed_dishes,180.0,8.8,13.3,6.0,0.7,1.0,378,5,12,2.2,16.4,0.04,0.18,1.6,0.0,5.6,20.0,333,188,449.0,68.5,2.7,
524,15018,busara whole maize and finger millet porridge,mixed_dishes,40.0,0.3,0.7,7.3,2.5,1.9,60,0,8,0.22,0.0,0.02,0.01,0.5,0.0,0.0,32.0,32,414,0.0,88.6,0.4,
525,15019,white chapati,mixed_dishes,424.0,7.8,21.1,49.6,2.5,2.9,25,5,20,0.6,0.4,0.56,0.36,3.6,0.0,0.0,22.0,126,901,100.0,18.4,0.7,
526,15020,brown chapati,mixed_dishes,413.0,7.3,22.9,40.9,7.2,2.4,23,1,0,1.5,0.0,0.29,0.08,2.0,0.0,0.0,76.0,182,213,120.0,20.5,1.2,
527,15022,fried egg mayai ya kukaangwa,mixed_dishes,223.0,13.1,17.9,2.5,0.0,1.8,56,192,60,1.16,1.6,0.11,0.5,0.0,0.0,0.0,14.0,186,132,71.0,64.2,2.4,
528,15023,omelette,mixed_dishes,121.0,6.6,7.8,5.3,1.5,1.5,36,95,38,0.75,13.4,0.08,0.25,0.4,0.0,0.0,17.0,105,169,18.0,77.6,1.2,
529,15024,spanish omelette,mixed_dishes,161.0,7.5,12.9,3.2,0.8,1.3,35,110,40,0.75,20.3,0.08,0.28,0.2,0.0,0.0,13.0,112,135,40.0,74.0,1.6,
530,15025,meat samosa sambusa ya nyama,mixed_dishes,443.0,18.8,22.2,40.5,3.1,11.5,51,6,22,2.99,7.4,0.47,0.42,5.1,0.0,1.1,37.0,288,302,175.0,13.9,1.6,
531,15026,vegetable samosa sambusa ya mboga,mixed_dishes,325.0,8.5,13.1,40.2,6.2,3.8,55,138,52,1.76,23.7,0.46,0.31,3.2,0.0,0.0,35.0,144,333,243.0,30.2,1.7,
532,15027,pancakes chapati za maji,mixed_dishes,270.0,8.3,8.5,39.2,1.7,2.9,77,7,24,0.83,0.0,0.4,0.4,2.5,0.0,0.0,22.0,163,138,37.0,41.5,0.8,
533,15028,tosti mayai egg toast,mixed_dishes,280.0,12.5,10.7,32.4,1.9,2.1,56,106,47,1.2,0.0,0.14,0.29,2.2,0.0,0.0,25.0,167,152,58.0,40.3,2.1,
534,15029,drop scones,mixed_dishes,223.0,7.1,29.8,37.4,1.4,2.4,61,8,16,0.69,0.0,0.33,0.33,2.0,0.0,0.0,13.0,135,112,116.0,23.5,0.9,
535,15030,terere stir fried amaranth leaves,mixed_dishes,38.0,5.3,0.6,2.9,5.5,4.9,192,209,37,0.75,49.3,0.03,0.16,0.6,0.0,0.0,87.0,244,216,10.0,80.6,2.7,
536,15031,sukumawiki stir fried kales,mixed_dishes,48.0,2.5,3.2,2.1,3.8,2.3,291,122,35,0.42,82.1,0.08,0.1,0.8,0.0,0.0,33.0,56,198,12.0,87.0,1.5,
537,15032,stir fried cabbage,mixed_dishes,100.0,1.2,8.6,3.1,2.4,0.6,48,0,11,0.24,38.6,0.04,0.04,0.4,0.0,0.0,11.0,43,305,10.0,82.7,1.9,
538,15033,mrenda and seveve jute mallow and pumpkin leaves,mixed_dishes,59.0,3.4,2.3,5.4,2.0,1.8,141,72,21,0.62,19.1,0.03,0.22,0.3,0.0,0.0,26.0,105,197,18.0,85.3,1.6,
539,15034,pumpkin leaves,mixed_dishes,99.0,3.2,6.7,5.5,1.5,2.0,166,61,17,0.67,10.7,0.03,0.16,0.6,0.0,0.0,51.0,101,236,33.0,80.8,2.3,
540,15035,saget terere and managu spider plant amaranth and african nightshade leaves,mixed_dishes,60.0,4.3,1.9,4.5,3.8,3.3,184,132,80,0.7,16.1,0.02,0.22,0.4,0.0,0.0,39.0,104,244,17.0,83.0,2.5,
541,15036,pilau spiced rice,mixed_dishes,213.0,6.9,9.4,24.8,1.1,1.3,19,5,12,1.24,5.9,0.04,0.1,1.5,0.0,0.0,20.0,138,285,349.0,56.3,1.5,
542,15037,mseto wa ndengu rice with green grams,mixed_dishes,103.0,3.7,1.3,18.4,1.5,0.8,19,1,3,0.48,0.3,0.04,0.04,0.3,0.0,0.0,23.0,53,101,59.0,74.5,0.6,
543,15038,mseto wa maharagwe add rice with beans,mixed_dishes,193.0,5.7,7.9,23.5,3.8,1.3,27,3,29,0.76,2.3,0.06,0.06,0.6,0.0,0.0,24.0,129,172,356.0,58.2,1.7,
544,15039,nderema vine spinach,mixed_dishes,72.0,3.2,5.2,1.4,3.5,9.5,233,166,44,0.41,56.7,0.05,0.17,0.4,0.0,0.0,55.0,38,891,70.0,84.7,1.9,
545,15040,fiqe red sorghum beans and teff flour,mixed_dishes,192.0,7.2,5.8,24.2,7.4,3.5,170,8,62,1.4,24.0,0.15,0.12,1.4,0.0,0.0,77.0,214,315,495.0,52.5,2.9,
546,15041,qanchibelo beef maize and wheat flour,mixed_dishes,133.0,9.6,3.1,15.7,1.7,5.9,62,4,13,1.97,19.3,0.14,0.18,2.4,0.0,0.0,24.0,156,169,225.0,68.6,1.3,
547,15042,qita maize and wheat flour pancake,mixed_dishes,244.0,5.1,5.6,41.2,2.8,2.8,24,6,28,1.8,0.2,0.35,0.23,2.4,0.0,0.0,131.0,105,158,15.0,44.3,0.9,
548,15043,gurdo marqa ugali in sour milk,mixed_dishes,246.0,6.6,9.6,29.7,5.1,2.2,103,6,31,1.36,0.4,0.1,0.2,1.3,0.0,0.0,78.0,246,264,268.0,46.9,2.0,
549,15044,mchuzi wa ndengu green gram stew,mixed_dishes,109.0,6.3,4.2,9.3,4.0,1.6,33,4,7,0.57,2.1,0.08,0.04,0.4,0.0,0.0,43.0,61,118,24.0,74.4,1.7,
550,15045,mchuzi wa maharagwe bean stew,mixed_dishes,63.0,3.5,1.4,7.2,3.7,1.0,20,4,3,0.44,1.5,0.04,0.03,0.3,0.0,0.0,17.0,92,125,16.0,83.1,1.1,
551,15046,mchuzi wa ndengu kamande lentil stew,mixed_dishes,108.0,7.1,3.0,11.1,4.5,2.0,26,3,6,0.93,4.3,0.08,0.05,0.6,0.0,0.0,28.0,81,183,27.0,72.8,1.6,
552,15047,nyirinyiri camel meat,mixed_dishes,218.0,34.6,33.6,0.0,3.3,6.9,76,1,0,3.62,2.3,0.04,0.31,8.3,0.0,2.3,12.0,213,407,346.0,18.5,3.3,
553,15048,mbuboyi blood cooked in fresh milk,mixed_dishes,97.0,11.5,28.3,0.0,2.0,13.9,57,0,0,1.08,0.0,0.05,0.17,0.2,0.0,0.0,21.0,86,219,93.0,76.2,2.0,
554,15049,ashir,mixed_dishes,125.0,2.7,0.9,25.8,1.2,0.2,18,5,3,0.21,0.0,0.02,0.03,0.1,0.0,0.0,9.0,29,128,0.0,68.2,1.2,
555,15051,ugali cassava fingermillet and sorghum flour ugali,mixed_dishes,145.0,20.6,0.7,30.7,4.3,1.7,69,0,18,0.53,0.8,0.05,0.04,0.9,0.0,0.0,40.0,70,236,11.0,65.1,1.1,
556,15052,yam stew,mixed_dishes,94.0,1.5,2.4,15.3,2.5,0.7,13,3,15,0.21,5.2,0.06,0.02,0.4,0.0,0.0,14.0,46,279,34.0,76.7,1.6,
557,15053,githeri stewed maize and beans,mixed_dishes,157.0,6.7,4.2,19.7,7.2,2.2,39,0,52,1.01,0.5,0.1,0.06,0.8,0.0,0.0,41.0,214,281,233.0,60.4,1.8,
558,15054,mukimo maize beans potatoes and pumpkin leaves,mixed_dishes,118.0,0.7,0.5,20.5,4.8,2.0,38,4,48,0.74,2.7,0.08,0.05,0.9,0.0,0.0,36.0,159,436,266.0,67.1,1.9,
559,15055,githeri sauteed fresh maize and beans,mixed_dishes,185.0,6.9,7.2,17.8,10.5,2.2,41,2,57,1.32,0.8,0.12,0.08,1.0,0.0,0.0,43.0,222,308,335.0,55.3,2.2,
560,15056,matoke stewed green bananas and meat,mixed_dishes,118.0,6.4,4.1,13.3,1.8,3.9,16,1,22,1.12,9.8,0.05,0.08,1.4,0.0,0.34,22.0,105,380,381.0,72.9,1.9,
561,15057,mukimo fresh maize potatoes and pumpkin leaves,mixed_dishes,109.0,1.0,1.0,18.5,6.8,1.6,44,14,36,0.93,3.7,0.09,0.06,1.2,0.0,0.0,35.0,116,404,336.0,68.8,1.9,
562,15058,stewed potatoes and arrowroots,mixed_dishes,90.0,1.9,2.1,15.0,1.8,0.9,8,3,12,0.44,7.1,0.08,0.05,1.0,0.0,0.0,17.0,38,401,173.0,78.0,1.2,
563,15059,mukimo wa njahi black beans green bananas and potatoes,mixed_dishes,164.0,9.5,0.6,26.5,7.2,3.2,31,0,19,1.06,4.2,0.2,0.08,1.2,0.0,0.0,65.0,152,606,273.0,53.7,2.4,
564,15060,githeri fresh beans and maize,mixed_dishes,180.0,7.8,7.6,15.1,10.4,1.7,17,6,54,1.21,9.2,0.13,0.09,1.4,0.0,0.0,24.0,119,319,433.0,57.0,2.2,
565,15061,mashed potato and bananas,mixed_dishes,179.0,2.3,8.5,22.1,2.6,1.4,12,4,35,0.36,12.6,0.06,0.04,0.9,0.0,0.0,23.0,70,551,544.0,62.1,2.4,
566,15062,mukimo wa njahi raw and ripe bananas,mixed_dishes,151.0,6.4,0.6,26.6,6.5,2.2,24,1,14,0.79,9.8,0.15,0.07,0.8,0.0,0.0,54.0,103,437,229.0,57.7,2.2,
567,15063,groundnut sauce,mixed_dishes,298.0,10.6,23.4,9.6,3.5,2.3,132,2,27,1.2,0.17,0.28,0.21,5.2,0.0,0.0,120.0,93,649,21.0,50.2,2.7,
568,15064,vimumunya vya chumvi pumpkin and coconut milk,mixed_dishes,72.0,1.3,4.9,4.6,1.9,0.3,16,8,22,0.25,5.5,0.05,0.05,0.6,0.0,0.0,13.0,39,183,25.0,85.8,1.5,
569,15065,vinolo banana and maize flour ugali,mixed_dishes,124.0,2.2,0.9,25.5,2.5,1.2,9,1,96,1.16,6.2,0.12,0.08,0.9,0.0,0.0,22.0,68,147,91.0,68.4,0.6,
570,15066,biryani rice,mixed_dishes,152.0,2.7,3.2,27.9,0.3,0.3,9,0,3,0.47,0.0,0.02,0.04,0.4,0.0,0.0,5.0,22,222,180.0,65.3,0.6,
571,15066,biryani stew swahili spiced beef stew,mixed_dishes,198.0,8.1,14.3,8.3,1.9,5.2,28,2,14,1.58,14.5,0.04,0.13,1.8,0.0,0.47,13.0,139,332,480.0,65.3,2.1,
572,15067,vimumunya vya sukari sweetened pumpkin and coconut milk,mixed_dishes,93.0,1.1,3.0,14.5,1.8,0.3,14,8,19,0.21,5.0,0.05,0.04,0.5,0.0,0.0,13.0,31,155,15.0,79.0,0.6,
573,15068,wukunu sweet potatoes and dehulled black beans,mixed_dishes,94.0,4.1,0.6,15.8,4.6,1.5,21,1,9,0.41,12.6,0.1,0.04,0.7,0.0,0.0,33.0,82,288,229.0,73.0,1.9,
574,15069,mushenye green maize and sweet potatoes,mixed_dishes,153.0,7.1,4.1,17.6,8.6,2.3,44,1,50,1.07,5.9,0.15,0.07,1.6,0.0,0.0,51.0,196,340,242.0,60.4,2.1,
575,15070,ingokho stewed chicken,mixed_dishes,211.0,18.3,12.3,6.4,1.1,2.7,21,6,14,1.01,18.4,0.11,0.13,5.1,0.0,0.38,21.0,211,210,482.0,59.7,2.3,
576,15071,malesele cow blood with sour milk,mixed_dishes,375.0,20.0,21.2,15.4,14.9,24.8,85,0,0,1.85,0.0,0.1,0.25,0.7,0.0,0.0,19.0,123,831,107.0,37.5,1.5,
577,15072,tsiswa stewed termites,mixed_dishes,515.0,31.6,38.8,7.3,5.1,29.8,137,9,4,0.4,1.3,0.05,3.15,2.9,0.0,0.0,58.0,441,228,0.0,10.5,6.8,
578,15073,ingokho fried chicken,mixed_dishes,532.0,44.6,35.3,9.1,0.0,5.6,31,13,13,2.13,2.3,0.18,0.25,12.3,0.0,0.97,38.0,492,410,932.0,26.8,4.3,
579,15074,wali wa kuchemshwa boiled rice,mixed_dishes,138.0,2.7,0.2,27.2,0.2,0.3,9,0,3,0.46,0.0,0.02,0.04,0.4,0.0,0.0,5.0,9,221,216.0,67.1,0.7,
580,15075,wali wa yasmin onion fried rice,mixed_dishes,185.0,3.2,5.1,31.2,0.6,0.5,13,0,4,0.53,0.9,0.02,0.05,0.5,0.0,0.0,12.0,61,462,75.0,58.9,1.0,
581,15076,stir fried spinach,mixed_dishes,84.0,2.8,5.4,2.0,3.3,3.7,99,14,70,0.62,16.9,0.02,0.08,0.5,0.0,0.0,66.0,47,299,87.0,74.4,2.1,
582,15077,thabai thaa stinging nettle leaves,mixed_dishes,49.0,1.2,2.4,1.9,0.6,1.4,132,0,26,0.14,11.0,0.01,0.06,0.2,0.0,0.0,28.0,26,113,312.0,92.3,1.8,
583,15078,rhikhuvi stewed cowpea leaves,mixed_dishes,152.0,3.2,13.3,3.5,3.2,1.3,146,3,31,0.53,12.6,0.19,0.22,0.7,0.0,0.0,23.0,49,202,660.0,74.1,3.2,
584,15079,kunde and mrenda stewed cowpeas and jute mallow leaves,mixed_dishes,57.0,3.7,2.0,4.4,3.3,2.4,158,8,38,0.64,13.1,0.1,0.29,0.4,0.0,0.28,23.0,93,244,761.0,83.5,3.1,
585,15080,obwoba stewed mushrooms in peanut butter,mixed_dishes,117.0,4.9,6.3,8.3,3.8,1.4,38,6,27,0.54,6.7,0.17,0.35,2.2,0.0,0.0,47.0,130,408,822.0,73.3,3.4,
586,15081,chai ya maziwa mixed tea,mixed_dishes,36.0,1.1,1.2,5.4,0.0,0.05,42,1,0,0.21,0.0,0.01,0.01,0.1,0.0,0.1,4.0,50,45,15.0,92.1,0.3,
587,15082,stewed dried fish,mixed_dishes,330.0,25.7,23.2,3.9,1.4,2.1,189,0,19,1.02,10.4,0.05,0.03,3.3,0.0,1.5,39.0,57,403,572.0,42.7,3.0,
588,15083,kimanga cha ndizi smoked green bananas and kidney beans,mixed_dishes,146.0,6.5,0.9,24.1,7.7,2.0,46,2,48,0.89,0.8,0.1,0.09,0.9,0.0,0.0,43.0,188,401,485.0,57.7,3.1,
589,15084,kimanga cha mihogo mashed cassava and pigeon peas,mixed_dishes,194.0,4.8,0.6,39.6,5.8,1.6,94,4,52,0.85,1.5,0.13,0.07,0.8,0.0,0.0,44.0,934,693,30.0,46.8,2.4,
590,15001,uji wa mahindi maize porridge,mixed_dishes,52.0,1.5,1.1,8.5,1.1,0.3,25,7,7,0.33,0.0,0.02,0.05,0.2,0.0,0.0,12.0,64,50,10.0,87.5,0.3,
591,15002,sorghum finger millet and maize porridge,mixed_dishes,44.0,1.3,0.9,6.3,1.3,0.5,33,7,5,0.27,0.0,0.02,0.05,0.3,0.0,0.0,14.0,47,57,10.0,89.8,0.4,
592,15012,cassava millet and sorghum porridge,mixed_dishes,46.0,0.5,0.1,10.2,1.0,0.4,18,0,4,0.12,0.1,0.01,0.01,0.4,0.0,0.0,10.0,15,47,6.0,87.9,0.3,
593,15013,cassava porridge uji wa muhogo,mixed_dishes,12.0,0.1,0.0,6.8,0.3,0.1,12,0,2,0.05,0.2,0.0,0.01,0.1,0.0,0.0,4.0,7,39,5.0,92.6,0.2,
594,15014,finger millet porridge uji wa wimbi,mixed_dishes,40.0,0.7,0.2,7.8,2.1,1.1,35,0,6,0.16,0.0,0.01,0.0,0.4,0.0,0.0,16.0,17,52,4.0,88.8,0.4,
595,15015,bulrush millet porridge uji wa mawele,mixed_dishes,83.0,1.0,1.0,15.7,1.6,7.0,96,0,21,0.77,0.4,0.04,0.03,0.3,0.0,0.0,49.0,55,495,7.0,79.2,0.6,
596,15016,rice flour porridge uji wa mchele,mixed_dishes,56.0,0.6,1.3,10.2,0.2,0.1,4,0,1,0.11,0.1,0.01,0.0,0.2,0.0,0.0,5.0,17,26,5.0,87.5,0.1,
597,15018,busara whole maize and finger millet porridge,mixed_dishes,40.0,0.3,0.7,7.3,2.5,1.9,60,0,8,0.22,0.0,0.02,0.01,0.5,0.0,0.0,32.0,32,414,0.0,88.6,0.4,
598,15119,finger millet and sorghum porridge,mixed_dishes,74.0,2.7,2.2,9.7,2.3,1.1,93,2,9,0.54,0.0,0.02,0.14,0.4,0.0,0.0,24.0,91,130,23.0,82.3,0.8,
599,15123,oat porridge uji wa shayiri,mixed_dishes,86.0,1.9,1.6,15.3,1.4,0.4,39,1,3,0.45,0.0,0.05,0.08,0.1,0.0,0.0,18.0,77,69,14.0,79.3,0.5,
600,15136,wheat flour porridge uji wa ngano,mixed_dishes,111.0,2.5,3.9,16.1,0.9,0.9,14,7,7,0.24,0.0,0.11,0.05,1.4,0.0,0.0,21.0,32,60,3.0,76.3,0.3,
601,12001,beef broth,miscellaneous,6.0,0.9,0.3,0.0,0.0,0.5,40,1,0,0.03,0.0,0.01,0.03,0.4,0.0,0.2,5.0,61,44,266.0,98.1,0.7,
602,12002,coconut fresh water,miscellaneous,23.0,0.8,0.1,4.8,0.0,0.2,24,0,14,0.13,2.5,0.01,0.05,0.1,0.0,0.0,11.0,14,130,5.0,93.9,0.4,
603,12003,coffee instant dry powder or granules,miscellaneous,311.0,16.1,0.5,42.0,20.9,3.9,145,0,0,0.7,2.0,0.0,14.0,29.0,0.0,0.0,32.0,350,3600,83.0,3.1,9.9,
604,10001,bambara groundnuts dried raw,miscellaneous,321.0,18.1,6.3,34.6,28.2,3.3,39,0,0,1.8,0.0,0.04,0.07,2.3,0.0,0.0,166.0,190,1330,20.0,9.5,3.6,
605,10002,coconut fresh mature fruit flesh,miscellaneous,423.0,4.4,39.0,8.5,10.1,2.3,18,0,14,0.73,2.6,0.08,0.08,1.1,0.0,0.0,47.0,146,125,29.0,37.1,1.0,
606,10003,coconut fresh young or immature flesh,miscellaneous,176.0,2.0,10.8,17.3,10.9,1.2,34,0,20,0.42,5.8,0.03,0.6,1.2,0.0,0.0,35.0,56,266,12.0,68.0,0.9,
607,10004,coconut meat dried desiccated,miscellaneous,663.0,6.7,63.7,7.6,16.1,2.7,25,0,9,2.03,2.0,0.08,0.1,0.6,0.0,0.0,88.0,210,536,36.0,4.3,1.6,
608,10005,jack fruit seed mature dry raw,miscellaneous,156.0,4.8,0.6,24.4,16.8,5.9,84,0,148,1.56,4.3,0.15,0.07,0.6,0.0,0.0,126.0,205,463,38.0,51.8,1.5,
609,10006,mustard seeds dry raw,miscellaneous,522.0,18.8,39.7,15.5,13.7,16.0,433,3,75,3.9,0.0,0.65,0.26,3.7,0.0,0.0,162.0,205,873,80.0,8.2,4.2,
610,10007,nut almond with or without skin raw unsalted,miscellaneous,612.0,20.2,52.8,8.6,11.0,4.3,249,1,37,3.4,0.2,0.18,0.93,3.7,0.0,0.0,283.0,469,724,13.0,4.6,2.9,
611,10008,nut cashew dry raw unsalted,miscellaneous,595.0,16.5,48.0,21.5,5.8,4.9,33,1,24,5.3,0.0,0.65,0.25,1.8,0.0,0.0,244.0,457,536,15.0,5.9,2.3,
612,10009,nut ground nut with skin unsalted dry raw,miscellaneous,593.0,20.1,48.4,15.0,8.3,5.5,117,0,110,2.2,0.0,0.85,0.14,15.0,0.0,0.0,225.0,523,630,12.0,5.9,2.3,
613,10010,nut macadamia raw unsalted,miscellaneous,696.0,6.8,70.9,11.2,1.2,2.2,44,0,114,1.3,4.6,0.27,0.12,1.1,0.0,0.0,100.0,276,308,85.0,7.7,1.4,
614,10011,nut pistachio raw unsalted,miscellaneous,591.0,21.0,48.0,13.8,10.1,4.8,116,16,63,2.0,1.4,0.81,0.17,1.2,0.0,0.0,250.0,310,305,0.0,4.2,3.0,
615,10012,peanut butter,miscellaneous,593.0,20.1,48.4,15.0,8.3,5.5,117,0,110,2.2,0.0,0.85,0.14,15.0,0.0,0.0,225.0,523,630,12.0,5.9,2.3,
616,10013,seed pumpkin hulled and dried unsalted,miscellaneous,575.0,24.0,47.6,9.6,5.8,5.5,50,1,56,7.2,1.9,0.33,0.16,1.6,0.0,0.0,591.0,911,796,19.0,8.0,4.7,
617,10014,seed sesame sim sim unsalted dry raw,miscellaneous,602.0,15.3,54.1,6.4,14.3,9.7,143,0,103,1.7,0.0,1.01,0.34,5.1,0.0,0.0,380.0,332,271,1.0,4.9,5.0,
618,10015,seed sunflower unsalted dry raw,miscellaneous,595.0,18.5,49.9,14.7,10.6,5.0,98,1,224,6.0,0.0,0.86,0.21,4.2,0.0,0.0,360.0,670,450,6.0,5.9,2.5,
619,10016,water melon seed kernel dry raw,miscellaneous,590.0,30.0,47.5,7.6,3.7,7.1,69,0,58,3.4,0.0,0.12,0.23,3.1,0.0,0.0,370.0,643,399,3.0,5.3,3.7,
620,12005,tea chai instant dry powder,miscellaneous,299.0,20.2,0.0,50.2,8.5,2.3,118,0,103,1.7,0.0,0.99,10.8,10.3,0.0,0.0,272.0,239,6040,72.0,5.1,16.0,
621,12006,water tap,miscellaneous,0.0,0.0,0.0,0.0,0.0,0.0,3,0,0,0.0,0.0,0.0,0.0,0.0,0.0,0.0,1.0,1,3,0.0,99.95,0.05,
622,12007,wine red,miscellaneous,74.0,0.2,0.0,1.8,0.0,0.3,8,0,0,0.07,0.0,0.0,0.0,0.3,0.0,0.0,11.0,16,89,8.0,88.4,0.3,
623,12008,wine white dry,miscellaneous,76.0,0.1,0.0,0.7,0.0,0.5,8,0,0,0.08,2.0,0.0,0.0,0.0,0.0,0.0,12.0,5,41,4.0,88.7,0.2,
624,12009,wine white sweet,miscellaneous,94.0,0.2,0.0,5.4,0.0,0.6,10,0,0,0.08,1.5,0.0,0.0,0.0,0.0,0.0,16.0,8,51,11.0,84.0,0.2,
625,14001,grasshopper brown fresh raw,miscellaneous,170.0,12.8,12.8,0.3,1.4,3.5,73,17,0,7.0,3.2,0.0,0.0,1.0,0.0,0.0,35.0,75,66,3.0,71.9,0.7,
626,14002,grasshopper green fresh raw,miscellaneous,210.0,14.5,16.3,0.7,1.3,5.8,95,9,0,1.0,0.6,0.0,0.93,3.6,0.0,0.0,47.0,125,121,25.0,66.3,0.9,
627,14003,termite dry raw,miscellaneous,557.0,35.0,43.6,3.4,5.5,5.2,91,10,0,0.0,0.3,0.08,3.5,3.9,0.0,0.0,56.0,93,881,96.0,7.0,5.4,
628,14004,termite fresh raw,miscellaneous,367.0,30.9,27.0,0.0,2.7,8.3,146,22,0,0.0,0.7,0.0,4.18,2.8,0.0,0.0,157.0,80,200,4.0,36.8,3.8,
